Workbook

Sheet SAIDI excl MEDs sort (5-yr avg)
A1: Quartile | B1: FEEDERID | C1: Substation Name | D1: Circuit Name | E1: City | F1: 5-Year Avg Cust Count | G1: 2023 | K1: 2022 | O1: 2021 | S1: 2020 | W1: 2019
G2: All Weather | I2: Excluding MEDs | K2: All Weather | M2: Excluding MEDs | O2: All Weather | Q2: Excluding MEDs | S2: All Weather | U2: Excluding MEDs | W2: All Weather | Y2: Excluding MEDs
G3: SAIDI | H3: SAIFI | I3: SAIDI | J3: SAIFI | K3: SAIDI | L3: SAIFI | M3: SAIDI | N3: SAIFI | O3: SAIDI | P3: SAIFI | Q3: SAIDI | R3: SAIFI | S3: SAIDI | T3: SAIFI | U3: SAIDI | V3: SAIFI | W3: SAIDI | X3: SAIFI | Y3: SAIDI | Z3: SAIFI | AA3: 5-year average SAIDI excl MEDs
A4: Fourth Quartile | B4: 090102 | C4: WAGER | D4: PARKLAND | E4: Flint | F4: =IFERROR(INDEX([1]raw_data!B:B,MATCH('SAIDI excl MEDs sort (5-yr avg)'!B105,[1]raw_data!A:A,0)),0) -> 1734.2 | G4: =SUMIFS([1]raw_data!C:C,[1]raw_data!$A:$A,$B4) -> 36.783123 | H4: =SUMIFS([1]raw_data!D:D,[1]raw_data!$A:$A,$B4) -> 0.18711386 | I4: =SUMIFS([1]raw_data!E:E,[1]raw_data!$A:$A,$B4) -> 36.783123 | J4: =SUMIFS([1]raw_data!F:F,[1]raw_data!$A:$A,$B4) -> 0.18711386 | K4: =SUMIFS([1]raw_data!G:G,[1]raw_data!$A:$A,$B4) -> 355.56214 | L4: =SUMIFS([1]raw_data!H:H,[1]raw_data!$A:$A,$B4) -> 1.1356958 | M4: =SUMIFS([1]raw_data!I:I,[1]raw_data!$A:$A,$B4) -> 338.43867 | N4: =SUMIFS([1]raw_data!J:J,[1]raw_data!$A:$A,$B4) -> 1.127917 | O4: =SUMIFS([1]raw_data!K:K,[1]raw_data!$A:$A,$B4) -> 283.72984 | P4: =SUMIFS([1]raw_data!L:L,[1]raw_data!$A:$A,$B4) -> 0.18836565 | Q4: =SUMIFS([1]raw_data!M:M,[1]raw_data!$A:$A,$B4) -> 34.433995 | R4: =SUMIFS([1]raw_data!N:N,[1]raw_data!$A:$A,$B4) -> 0.093259464 | S4: =SUMIFS([1]raw_data!O:O,[1]raw_data!$A:$A,$B4) -> 88.714451 | T4: =SUMIFS([1]raw_data!P:P,[1]raw_data!$A:$A,$B4) -> 0.21058559 | U4: =SUMIFS([1]raw_data!Q:Q,[1]raw_data!$A:$A,$B4) -> 70.178622 | V4: =SUMIFS([1]raw_data!R:R,[1]raw_data!$A:$A,$B4) -> 0.2027027 | W4: =SUMIFS([1]raw_data!S:S,[1]raw_data!$A:$A,$B4) -> 2912.5 | X4: =SUMIFS([1]raw_data!T:T,[1]raw_data!$A:$A,$B4) -> 10 | Y4: =SUMIFS([1]raw_data!U:U,[1]raw_data!$A:$A,$B4) -> 2912.5 | Z4: =SUMIFS([1]raw_data!V:V,[1]raw_data!$A:$A,$B4) -> 10 | AA4: =(I4+M4+Q4+U4+Y4)/5 -> 678.46688
B5: 010002 | C5: WEALTHY STREET | D5: BUTTERWORTH | E5: Grand Rapids | F5: =IFERROR(INDEX([1]raw_data!B:B,MATCH('SAIDI excl MEDs sort (5-yr avg)'!B152,[1]raw_data!A:A,0)),0) -> 1850.6 | G5: =SUMIFS([1]raw_data!C:C,[1]raw_data!$A:$A,$B5) -> 2.092328 | H5: =SUMIFS([1]raw_data!D:D,[1]raw_data!$A:$A,$B5) -> 0.027027027 | I5: =SUMIFS([1]raw_data!E:E,[1]raw_data!$A:$A,$B5) -> 2.092328 | J5: =SUMIFS([1]raw_data!F:F,[1]raw_data!$A:$A,$B5) -> 0.027027027 | K5: =SUMIFS([1]raw_data!G:G,[1]raw_data!$A:$A,$B5) -> 10.627009 | L5: =SUMIFS([1]raw_data!H:H,[1]raw_data!$A:$A,$B5) -> 0.091743119 | M5: =SUMIFS([1]raw_data!I:I,[1]raw_data!$A:$A,$B5) -> 10.627009 | N5: =SUMIFS([1]raw_data!J:J,[1]raw_data!$A:$A,$B5) -> 0.091743119 | O5: =SUMIFS([1]raw_data!K:K,[1]raw_data!$A:$A,$B5) -> 33.639042 | P5: =SUMIFS([1]raw_data!L:L,[1]raw_data!$A:$A,$B5) -> 0.10185185 | Q5: =SUMIFS([1]raw_data!M:M,[1]raw_data!$A:$A,$B5) -> 5.694444 | R5: =SUMIFS([1]raw_data!N:N,[1]raw_data!$A:$A,$B5) -> 0.092592593 | S5: =SUMIFS([1]raw_data!O:O,[1]raw_data!$A:$A,$B5) -> 143.33302 | T5: =SUMIFS([1]raw_data!P:P,[1]raw_data!$A:$A,$B5) -> 1.0283019 | U5: =SUMIFS([1]raw_data!Q:Q,[1]raw_data!$A:$A,$B5) -> 143.33302 | V5: =SUMIFS([1]raw_data!R:R,[1]raw_data!$A:$A,$B5) -> 1.0283019 | W5: =SUMIFS([1]raw_data!S:S,[1]raw_data!$A:$A,$B5) -> 2794.5473 | X5: =SUMIFS([1]raw_data!T:T,[1]raw_data!$A:$A,$B5) -> 20.55814 | Y5: =SUMIFS([1]raw_data!U:U,[1]raw_data!$A:$A,$B5) -> 2794.5473 | Z5: =SUMIFS([1]raw_data!V:V,[1]raw_data!$A:$A,$B5) -> 20.55814 | AA5: =(I5+M5+Q5+U5+Y5)/5 -> 591.25882
B6: 060801 | C6: PALMER | D6: REED | E6: Kalamazoo | F6: =IFERROR(INDEX([1]raw_data!B:B,MATCH('SAIDI excl MEDs sort (5-yr avg)'!B8,[1]raw_data!A:A,0)),0) -> 896 | G6: =SUMIFS([1]raw_data!C:C,[1]raw_data!$A:$A,$B6) -> 679.65556 | H6: =SUMIFS([1]raw_data!D:D,[1]raw_data!$A:$A,$B6) -> 2.1329114 | I6: =SUMIFS([1]raw_data!E:E,[1]raw_data!$A:$A,$B6) -> 557.56306 | J6: =SUMIFS([1]raw_data!F:F,[1]raw_data!$A:$A,$B6) -> 2.1012658 | K6: =SUMIFS([1]raw_data!G:G,[1]raw_data!$A:$A,$B6) -> 2129.2801 | L6: =SUMIFS([1]raw_data!H:H,[1]raw_data!$A:$A,$B6) -> 4.45 | M6: =SUMIFS([1]raw_data!I:I,[1]raw_data!$A:$A,$B6) -> 694.74956 | N6: =SUMIFS([1]raw_data!J:J,[1]raw_data!$A:$A,$B6) -> 2.31875 | O6: =SUMIFS([1]raw_data!K:K,[1]raw_data!$A:$A,$B6) -> 2045.774 | P6: =SUMIFS([1]raw_data!L:L,[1]raw_data!$A:$A,$B6) -> 2.7445483 | Q6: =SUMIFS([1]raw_data!M:M,[1]raw_data!$A:$A,$B6) -> 425.37077 | R6: =SUMIFS([1]raw_data!N:N,[1]raw_data!$A:$A,$B6) -> 1.0965732 | S6: =SUMIFS([1]raw_data!O:O,[1]raw_data!$A:$A,$B6) -> 8.754114 | T6: =SUMIFS([1]raw_data!P:P,[1]raw_data!$A:$A,$B6) -> 0.10185185 | U6: =SUMIFS([1]raw_data!Q:Q,[1]raw_data!$A:$A,$B6) -> 2.545061 | V6: =SUMIFS([1]raw_data!R:R,[1]raw_data!$A:$A,$B6) -> 0.052469136 | W6: =SUMIFS([1]raw_data!S:S,[1]raw_data!$A:$A,$B6) -> 864.60437 | X6: =SUMIFS([1]raw_data!T:T,[1]raw_data!$A:$A,$B6) -> 3.55625 | Y6: =SUMIFS([1]raw_data!U:U,[1]raw_data!$A:$A,$B6) -> 861.11427 | Z6: =SUMIFS([1]raw_data!V:V,[1]raw_data!$A:$A,$B6) -> 3.49375 | AA6: =(I6+M6+Q6+U6+Y6)/5 -> 508.26854
B7: 077602 | C7: KEATING | D7: LAKETON | E7: Muskegon | F7: =IFERROR(INDEX([1]raw_data!B:B,MATCH('SAIDI excl MEDs sort (5-yr avg)'!B31,[1]raw_data!A:A,0)),0) -> 1071.2222 | G7: =SUMIFS([1]raw_data!C:C,[1]raw_data!$A:$A,$B7) -> 960.6522 | H7: =SUMIFS([1]raw_data!D:D,[1]raw_data!$A:$A,$B7) -> 3.2951886 | I7: =SUMIFS([1]raw_data!E:E,[1]raw_data!$A:$A,$B7) -> 220.01797 | J7: =SUMIFS([1]raw_data!F:F,[1]raw_data!$A:$A,$B7) -> 2.3784135 | K7: =SUMIFS([1]raw_data!G:G,[1]raw_data!$A:$A,$B7) -> 11.529491 | L7: =SUMIFS([1]raw_data!H:H,[1]raw_data!$A:$A,$B7) -> 0.16103896 | M7: =SUMIFS([1]raw_data!I:I,[1]raw_data!$A:$A,$B7) -> 11.529491 | N7: =SUMIFS([1]raw_data!J:J,[1]raw_data!$A:$A,$B7) -> 0.16103896 | O7: =SUMIFS([1]raw_data!K:K,[1]raw_data!$A:$A,$B7) -> 543.74913 | P7: =SUMIFS([1]raw_data!L:L,[1]raw_data!$A:$A,$B7) -> 3.2786458 | Q7: =SUMIFS([1]raw_data!M:M,[1]raw_data!$A:$A,$B7) -> 462.26322 | R7: =SUMIFS([1]raw_data!N:N,[1]raw_data!$A:$A,$B7) -> 3.1966146 | S7: =SUMIFS([1]raw_data!O:O,[1]raw_data!$A:$A,$B7) -> 1222.8187 | T7: =SUMIFS([1]raw_data!P:P,[1]raw_data!$A:$A,$B7) -> 6.4159061 | U7: =SUMIFS([1]raw_data!Q:Q,[1]raw_data!$A:$A,$B7) -> 1024.0025 | V7: =SUMIFS([1]raw_data!R:R,[1]raw_data!$A:$A,$B7) -> 5.9530639 | W7: =SUMIFS([1]raw_data!S:S,[1]raw_data!$A:$A,$B7) -> 2392.2078 | X7: =SUMIFS([1]raw_data!T:T,[1]raw_data!$A:$A,$B7) -> 5.7562582 | Y7: =SUMIFS([1]raw_data!U:U,[1]raw_data!$A:$A,$B7) -> 746.78474 | Z7: =SUMIFS([1]raw_data!V:V,[1]raw_data!$A:$A,$B7) -> 4.6455863 | AA7: =(I7+M7+Q7+U7+Y7)/5 -> 492.91959
B8: 006402 | C8: BEECHER | D8: TOLEDO ROAD | E8: Adrian | F8: =IFERROR(INDEX([1]raw_data!B:B,MATCH('SAIDI excl MEDs sort (5-yr avg)'!B5,[1]raw_data!A:A,0)),0) -> 97.5 | G8: =SUMIFS([1]raw_data!C:C,[1]raw_data!$A:$A,$B8) -> 1584.2807 | H8: =SUMIFS([1]raw_data!D:D,[1]raw_data!$A:$A,$B8) -> 8.6051587 | I8: =SUMIFS([1]raw_data!E:E,[1]raw_data!$A:$A,$B8) -> 963.49289 | J8: =SUMIFS([1]raw_data!F:F,[1]raw_data!$A:$A,$B8) -> 5.9980159 | K8: =SUMIFS([1]raw_data!G:G,[1]raw_data!$A:$A,$B8) -> 138.46224 | L8: =SUMIFS([1]raw_data!H:H,[1]raw_data!$A:$A,$B8) -> 1.5803842 | M8: =SUMIFS([1]raw_data!I:I,[1]raw_data!$A:$A,$B8) -> 137.17637 | N8: =SUMIFS([1]raw_data!J:J,[1]raw_data!$A:$A,$B8) -> 1.5733064 | O8: =SUMIFS([1]raw_data!K:K,[1]raw_data!$A:$A,$B8) -> 18.361093 | P8: =SUMIFS([1]raw_data!L:L,[1]raw_data!$A:$A,$B8) -> 0.23175542 | Q8: =SUMIFS([1]raw_data!M:M,[1]raw_data!$A:$A,$B8) -> 18.212836 | R8: =SUMIFS([1]raw_data!N:N,[1]raw_data!$A:$A,$B8) -> 0.22978304 | S8: =SUMIFS([1]raw_data!O:O,[1]raw_data!$A:$A,$B8) -> 124.69533 | T8: =SUMIFS([1]raw_data!P:P,[1]raw_data!$A:$A,$B8) -> 1.0238501 | U8: =SUMIFS([1]raw_data!Q:Q,[1]raw_data!$A:$A,$B8) -> 124.69533 | V8: =SUMIFS([1]raw_data!R:R,[1]raw_data!$A:$A,$B8) -> 1.0238501 | W8: =SUMIFS([1]raw_data!S:S,[1]raw_data!$A:$A,$B8) -> 831.64991 | X8: =SUMIFS([1]raw_data!T:T,[1]raw_data!$A:$A,$B8) -> 3.0857143 | Y8: =SUMIFS([1]raw_data!U:U,[1]raw_data!$A:$A,$B8) -> 831.64991 | Z8: =SUMIFS([1]raw_data!V:V,[1]raw_data!$A:$A,$B8) -> 3.0857143 | AA8: =(I8+M8+Q8+U8+Y8)/5 -> 415.04547
B9: 060802 | C9: PALMER | D9: HEALY | E9: Kalamazoo | F9: =IFERROR(INDEX([1]raw_data!B:B,MATCH('SAIDI excl MEDs sort (5-yr avg)'!B38,[1]raw_data!A:A,0)),0) -> 1789.8 | G9: =SUMIFS([1]raw_data!C:C,[1]raw_data!$A:$A,$B9) -> 972.31506 | H9: =SUMIFS([1]raw_data!D:D,[1]raw_data!$A:$A,$B9) -> 1.7241379 | I9: =SUMIFS([1]raw_data!E:E,[1]raw_data!$A:$A,$B9) -> 182.19842 | J9: =SUMIFS([1]raw_data!F:F,[1]raw_data!$A:$A,$B9) -> 1.4094828 | K9: =SUMIFS([1]raw_data!G:G,[1]raw_data!$A:$A,$B9) -> 848.48059 | L9: =SUMIFS([1]raw_data!H:H,[1]raw_data!$A:$A,$B9) -> 2 | M9: =SUMIFS([1]raw_data!I:I,[1]raw_data!$A:$A,$B9) -> 848.48059 | N9: =SUMIFS([1]raw_data!J:J,[1]raw_data!$A:$A,$B9) -> 2 | O9: =SUMIFS([1]raw_data!K:K,[1]raw_data!$A:$A,$B9) -> 14.829824 | P9: =SUMIFS([1]raw_data!L:L,[1]raw_data!$A:$A,$B9) -> 0.030701754 | Q9: =SUMIFS([1]raw_data!M:M,[1]raw_data!$A:$A,$B9) -> 11.219444 | R9: =SUMIFS([1]raw_data!N:N,[1]raw_data!$A:$A,$B9) -> 0.021929825 | S9: =SUMIFS([1]raw_data!O:O,[1]raw_data!$A:$A,$B9) -> 542.36747 | T9: =SUMIFS([1]raw_data!P:P,[1]raw_data!$A:$A,$B9) -> 4.0396476 | U9: =SUMIFS([1]raw_data!Q:Q,[1]raw_data!$A:$A,$B9) -> 542.36747 | V9: =SUMIFS([1]raw_data!R:R,[1]raw_data!$A:$A,$B9) -> 4.0396476 | W9: =SUMIFS([1]raw_data!S:S,[1]raw_data!$A:$A,$B9) -> 431.47485 | X9: =SUMIFS([1]raw_data!T:T,[1]raw_data!$A:$A,$B9) -> 1.2982456 | Y9: =SUMIFS([1]raw_data!U:U,[1]raw_data!$A:$A,$B9) -> 430.52741 | Z9: =SUMIFS([1]raw_data!V:V,[1]raw_data!$A:$A,$B9) -> 1.2938596 | AA9: =(I9+M9+Q9+U9+Y9)/5 -> 402.95867
B10: 058604 | C10: LEITH STREET | D10: WESTERN ROAD | E10: Flint | F10: =IFERROR(INDEX([1]raw_data!B:B,MATCH('SAIDI excl MEDs sort (5-yr avg)'!B17,[1]raw_data!A:A,0)),0) -> 281.375 | G10: =SUMIFS([1]raw_data!C:C,[1]raw_data!$A:$A,$B10) -> 324.26567 | H10: =SUMIFS([1]raw_data!D:D,[1]raw_data!$A:$A,$B10) -> 1.9806397 | I10: =SUMIFS([1]raw_data!E:E,[1]raw_data!$A:$A,$B10) -> 303.22485 | J10: =SUMIFS([1]raw_data!F:F,[1]raw_data!$A:$A,$B10) -> 1.9638047 | K10: =SUMIFS([1]raw_data!G:G,[1]raw_data!$A:$A,$B10) -> 779.8456 | L10: =SUMIFS([1]raw_data!H:H,[1]raw_data!$A:$A,$B10) -> 2.6413043 | M10: =SUMIFS([1]raw_data!I:I,[1]raw_data!$A:$A,$B10) -> 610.75228 | N10: =SUMIFS([1]raw_data!J:J,[1]raw_data!$A:$A,$B10) -> 2.5351171 | O10: =SUMIFS([1]raw_data!K:K,[1]raw_data!$A:$A,$B10) -> 701.83879 | P10: =SUMIFS([1]raw_data!L:L,[1]raw_data!$A:$A,$B10) -> 3.9368155 | Q10: =SUMIFS([1]raw_data!M:M,[1]raw_data!$A:$A,$B10) -> 688.37534 | R10: =SUMIFS([1]raw_data!N:N,[1]raw_data!$A:$A,$B10) -> 3.9098568 | S10: =SUMIFS([1]raw_data!O:O,[1]raw_data!$A:$A,$B10) -> 249.56802 | T10: =SUMIFS([1]raw_data!P:P,[1]raw_data!$A:$A,$B10) -> 0.50040096 | U10: =SUMIFS([1]raw_data!Q:Q,[1]raw_data!$A:$A,$B10) -> 87.75989 | V10: =SUMIFS([1]raw_data!R:R,[1]raw_data!$A:$A,$B10) -> 0.37610265 | W10: =SUMIFS([1]raw_data!S:S,[1]raw_data!$A:$A,$B10) -> 684.83887 | X10: =SUMIFS([1]raw_data!T:T,[1]raw_data!$A:$A,$B10) -> 1.2433947 | Y10: =SUMIFS([1]raw_data!U:U,[1]raw_data!$A:$A,$B10) -> 282.07016 | Z10: =SUMIFS([1]raw_data!V:V,[1]raw_data!$A:$A,$B10) -> 1.0536429 | AA10: =(I10+M10+Q10+U10+Y10)/5 -> 394.43651 | AC10: SAIDI incl MEDs quartiles | AD10: Column1 | AE10: Column2 | AF10: Column3
B11: 060804 | C11: PALMER | D11: WATER LIFT | E11: Kalamazoo | F11: =IFERROR(INDEX([1]raw_data!B:B,MATCH('SAIDI excl MEDs sort (5-yr avg)'!B81,[1]raw_data!A:A,0)),0) -> 739.11111 | G11: =SUMIFS([1]raw_data!C:C,[1]raw_data!$A:$A,$B11) -> 82.039223 | H11: =SUMIFS([1]raw_data!D:D,[1]raw_data!$A:$A,$B11) -> 0.1759379 | I11: =SUMIFS([1]raw_data!E:E,[1]raw_data!$A:$A,$B11) -> 66.8473 | J11: =SUMIFS([1]raw_data!F:F,[1]raw_data!$A:$A,$B11) -> 0.16817594 | K11: =SUMIFS([1]raw_data!G:G,[1]raw_data!$A:$A,$B11) -> 30.98042 | L11: =SUMIFS([1]raw_data!H:H,[1]raw_data!$A:$A,$B11) -> 0.18158568 | M11: =SUMIFS([1]raw_data!I:I,[1]raw_data!$A:$A,$B11) -> 16.733418 | N11: =SUMIFS([1]raw_data!J:J,[1]raw_data!$A:$A,$B11) -> 0.12531969 | O11: =SUMIFS([1]raw_data!K:K,[1]raw_data!$A:$A,$B11) -> 275.75771 | P11: =SUMIFS([1]raw_data!L:L,[1]raw_data!$A:$A,$B11) -> 1.3910256 | Q11: =SUMIFS([1]raw_data!M:M,[1]raw_data!$A:$A,$B11) -> 245.56743 | R11: =SUMIFS([1]raw_data!N:N,[1]raw_data!$A:$A,$B11) -> 1.3474359 | S11: =SUMIFS([1]raw_data!O:O,[1]raw_data!$A:$A,$B11) -> 206.52351 | T11: =SUMIFS([1]raw_data!P:P,[1]raw_data!$A:$A,$B11) -> 2.0663265 | U11: =SUMIFS([1]raw_data!Q:Q,[1]raw_data!$A:$A,$B11) -> 188.18597 | V11: =SUMIFS([1]raw_data!R:R,[1]raw_data!$A:$A,$B11) -> 1.997449 | W11: =SUMIFS([1]raw_data!S:S,[1]raw_data!$A:$A,$B11) -> 1422.1092 | X11: =SUMIFS([1]raw_data!T:T,[1]raw_data!$A:$A,$B11) -> 4.3009368 | Y11: =SUMIFS([1]raw_data!U:U,[1]raw_data!$A:$A,$B11) -> 1422.1092 | Z11: =SUMIFS([1]raw_data!V:V,[1]raw_data!$A:$A,$B11) -> 4.3009368 | AA11: =(I11+M11+Q11+U11+Y11)/5 -> 387.88867 | AC11: Quartile | AD11: SAIDI | AE11: # of Circuits | AF11: # of customers
B12: 061805 | C12: LAGRAVE | D12: MAPLE | E12: Grand Rapids | F12: =IFERROR(INDEX([1]raw_data!B:B,MATCH('SAIDI excl MEDs sort (5-yr avg)'!B155,[1]raw_data!A:A,0)),0) -> 170 | G12: =SUMIFS([1]raw_data!C:C,[1]raw_data!$A:$A,$B12) -> 1.494802 | H12: =SUMIFS([1]raw_data!D:D,[1]raw_data!$A:$A,$B12) -> 0.0096153846 | I12: =SUMIFS([1]raw_data!E:E,[1]raw_data!$A:$A,$B12) -> 1.494802 | J12: =SUMIFS([1]raw_data!F:F,[1]raw_data!$A:$A,$B12) -> 0.0096153846 | K12: =SUMIFS([1]raw_data!G:G,[1]raw_data!$A:$A,$B12) -> 729.53538 | L12: =SUMIFS([1]raw_data!H:H,[1]raw_data!$A:$A,$B12) -> 0.99056604 | M12: =SUMIFS([1]raw_data!I:I,[1]raw_data!$A:$A,$B12) -> 729.53538 | N12: =SUMIFS([1]raw_data!J:J,[1]raw_data!$A:$A,$B12) -> 0.99056604 | O12: =SUMIFS([1]raw_data!K:K,[1]raw_data!$A:$A,$B12) -> 7.54299 | P12: =SUMIFS([1]raw_data!L:L,[1]raw_data!$A:$A,$B12) -> 0.056074766 | Q12: =SUMIFS([1]raw_data!M:M,[1]raw_data!$A:$A,$B12) -> 7.54299 | R12: =SUMIFS([1]raw_data!N:N,[1]raw_data!$A:$A,$B12) -> 0.056074766 | S12: =SUMIFS([1]raw_data!O:O,[1]raw_data!$A:$A,$B12) -> 32.553703 | T12: =SUMIFS([1]raw_data!P:P,[1]raw_data!$A:$A,$B12) -> 0.73015873 | U12: =SUMIFS([1]raw_data!Q:Q,[1]raw_data!$A:$A,$B12) -> 32.553703 | V12: =SUMIFS([1]raw_data!R:R,[1]raw_data!$A:$A,$B12) -> 0.73015873 | W12: =SUMIFS([1]raw_data!S:S,[1]raw_data!$A:$A,$B12) -> 1089.061 | X12: =SUMIFS([1]raw_data!T:T,[1]raw_data!$A:$A,$B12) -> 2.9849624 | Y12: =SUMIFS([1]raw_data!U:U,[1]raw_data!$A:$A,$B12) -> 1089.061 | Z12: =SUMIFS([1]raw_data!V:V,[1]raw_data!$A:$A,$B12) -> 2.9849624 | AA12: =(I12+M12+Q12+U12+Y12)/5 -> 372.03758 | AC12: Q1 SAIDI | AD12: <90 | AE12: =COUNT(AA114:AA193) -> 80 | AF12: =SUM(F114:F193) -> 62676.566 | AH12: 11 ckts in Q1 were in other quartiles for 2023 only
B13: 090103 | C13: WAGER | D13: MARENGO | E13: Flint | F13: =IFERROR(INDEX([1]raw_data!B:B,MATCH('SAIDI excl MEDs sort (5-yr avg)'!B128,[1]raw_data!A:A,0)),0) -> 145.42857 | G13: =SUMIFS([1]raw_data!C:C,[1]raw_data!$A:$A,$B13) -> 4.924718 | H13: =SUMIFS([1]raw_data!D:D,[1]raw_data!$A:$A,$B13) -> 0.043010753 | I13: =SUMIFS([1]raw_data!E:E,[1]raw_data!$A:$A,$B13) -> 4.924718 | J13: =SUMIFS([1]raw_data!F:F,[1]raw_data!$A:$A,$B13) -> 0.043010753 | K13: =SUMIFS([1]raw_data!G:G,[1]raw_data!$A:$A,$B13) -> 804.01911 | L13: =SUMIFS([1]raw_data!H:H,[1]raw_data!$A:$A,$B13) -> 2.8947368 | M13: =SUMIFS([1]raw_data!I:I,[1]raw_data!$A:$A,$B13) -> 494.93491 | N13: =SUMIFS([1]raw_data!J:J,[1]raw_data!$A:$A,$B13) -> 1.0315789 | O13: =SUMIFS([1]raw_data!K:K,[1]raw_data!$A:$A,$B13) -> 3065.1187 | P13: =SUMIFS([1]raw_data!L:L,[1]raw_data!$A:$A,$B13) -> 2.078125 | Q13: =SUMIFS([1]raw_data!M:M,[1]raw_data!$A:$A,$B13) -> 304.7921 | R13: =SUMIFS([1]raw_data!N:N,[1]raw_data!$A:$A,$B13) -> 1.0625 | S13: =SUMIFS([1]raw_data!O:O,[1]raw_data!$A:$A,$B13) -> 862.62482 | T13: =SUMIFS([1]raw_data!P:P,[1]raw_data!$A:$A,$B13) -> 2.6861702 | U13: =SUMIFS([1]raw_data!Q:Q,[1]raw_data!$A:$A,$B13) -> 814.02589 | V13: =SUMIFS([1]raw_data!R:R,[1]raw_data!$A:$A,$B13) -> 2.6702128 | W13: =SUMIFS([1]raw_data!S:S,[1]raw_data!$A:$A,$B13) -> 398.0961 | X13: =SUMIFS([1]raw_data!T:T,[1]raw_data!$A:$A,$B13) -> 1.2978723 | Y13: =SUMIFS([1]raw_data!U:U,[1]raw_data!$A:$A,$B13) -> 223.07057 | Z13: =SUMIFS([1]raw_data!V:V,[1]raw_data!$A:$A,$B13) -> 1.2553191 | AA13: =(I13+M13+Q13+U13+Y13)/5 -> 368.34964 | AC13: Q2 SAIDI | AD13: 90-131 | AE13: =COUNT(AA76:AA113) -> 38 | AF13: =SUM(F76:F113) -> 41688.738 | AH13: 36 ckts in Q2 were in other quartiles for 2023 only
B14: 072602 | C14: MAYNARD | D14: BESTWALL | E14: Grand Rapids | F14: =IFERROR(INDEX([1]raw_data!B:B,MATCH('SAIDI excl MEDs sort (5-yr avg)'!B113,[1]raw_data!A:A,0)),0) -> 3001.7778 | G14: =SUMIFS([1]raw_data!C:C,[1]raw_data!$A:$A,$B14) -> 28.890062 | H14: =SUMIFS([1]raw_data!D:D,[1]raw_data!$A:$A,$B14) -> 0.12903226 | I14: =SUMIFS([1]raw_data!E:E,[1]raw_data!$A:$A,$B14) -> 28.890062 | J14: =SUMIFS([1]raw_data!F:F,[1]raw_data!$A:$A,$B14) -> 0.12903226 | K14: =SUMIFS([1]raw_data!G:G,[1]raw_data!$A:$A,$B14) -> 169.45606 | L14: =SUMIFS([1]raw_data!H:H,[1]raw_data!$A:$A,$B14) -> 1.0967742 | M14: =SUMIFS([1]raw_data!I:I,[1]raw_data!$A:$A,$B14) -> 169.45606 | N14: =SUMIFS([1]raw_data!J:J,[1]raw_data!$A:$A,$B14) -> 1.0967742 | O14: =SUMIFS([1]raw_data!K:K,[1]raw_data!$A:$A,$B14) -> 774.29624 | P14: =SUMIFS([1]raw_data!L:L,[1]raw_data!$A:$A,$B14) -> 0.38709677 | Q14: =SUMIFS([1]raw_data!M:M,[1]raw_data!$A:$A,$B14) -> 226.41882 | R14: =SUMIFS([1]raw_data!N:N,[1]raw_data!$A:$A,$B14) -> 0.25806452 | S14: =SUMIFS([1]raw_data!O:O,[1]raw_data!$A:$A,$B14) -> 95.686666 | T14: =SUMIFS([1]raw_data!P:P,[1]raw_data!$A:$A,$B14) -> 1.1 | U14: =SUMIFS([1]raw_data!Q:Q,[1]raw_data!$A:$A,$B14) -> 95.686666 | V14: =SUMIFS([1]raw_data!R:R,[1]raw_data!$A:$A,$B14) -> 1.1 | W14: =SUMIFS([1]raw_data!S:S,[1]raw_data!$A:$A,$B14) -> 3096.9844 | X14: =SUMIFS([1]raw_data!T:T,[1]raw_data!$A:$A,$B14) -> 4.625 | Y14: =SUMIFS([1]raw_data!U:U,[1]raw_data!$A:$A,$B14) -> 1302.8073 | Z14: =SUMIFS([1]raw_data!V:V,[1]raw_data!$A:$A,$B14) -> 3.5625 | AA14: =(I14+M14+Q14+U14+Y14)/5 -> 364.65178 | AC14: Q3 SAIDI | AD14: 131-191 | AE14: =COUNT(AA41:AA75) -> 35 | AF14: =SUM(F41:F75) -> 32578.753 | AH14: 27 ckts in Q3 were in other quartiles for 2023 only
B15: 036001 | C15: LIBERTY | D15: WASHINGTON | E15: Battle Creek | F15: =IFERROR(INDEX([1]raw_data!B:B,MATCH('SAIDI excl MEDs sort (5-yr avg)'!B52,[1]raw_data!A:A,0)),0) -> 3867.4 | G15: =SUMIFS([1]raw_data!C:C,[1]raw_data!$A:$A,$B15) -> 319.7433 | H15: =SUMIFS([1]raw_data!D:D,[1]raw_data!$A:$A,$B15) -> 1.4084302 | I15: =SUMIFS([1]raw_data!E:E,[1]raw_data!$A:$A,$B15) -> 137.58238 | J15: =SUMIFS([1]raw_data!F:F,[1]raw_data!$A:$A,$B15) -> 0.9752907 | K15: =SUMIFS([1]raw_data!G:G,[1]raw_data!$A:$A,$B15) -> 212.18552 | L15: =SUMIFS([1]raw_data!H:H,[1]raw_data!$A:$A,$B15) -> 1.8479197 | M15: =SUMIFS([1]raw_data!I:I,[1]raw_data!$A:$A,$B15) -> 160.96566 | N15: =SUMIFS([1]raw_data!J:J,[1]raw_data!$A:$A,$B15) -> 1.8278336 | O15: =SUMIFS([1]raw_data!K:K,[1]raw_data!$A:$A,$B15) -> 1162.8149 | P15: =SUMIFS([1]raw_data!L:L,[1]raw_data!$A:$A,$B15) -> 1.9281609 | Q15: =SUMIFS([1]raw_data!M:M,[1]raw_data!$A:$A,$B15) -> 334.13676 | R15: =SUMIFS([1]raw_data!N:N,[1]raw_data!$A:$A,$B15) -> 0.97844828 | S15: =SUMIFS([1]raw_data!O:O,[1]raw_data!$A:$A,$B15) -> 2639.6718 | T15: =SUMIFS([1]raw_data!P:P,[1]raw_data!$A:$A,$B15) -> 5.5354059 | U15: =SUMIFS([1]raw_data!Q:Q,[1]raw_data!$A:$A,$B15) -> 457.83952 | V15: =SUMIFS([1]raw_data!R:R,[1]raw_data!$A:$A,$B15) -> 4.3402418 | W15: =SUMIFS([1]raw_data!S:S,[1]raw_data!$A:$A,$B15) -> 1204.6405 | X15: =SUMIFS([1]raw_data!T:T,[1]raw_data!$A:$A,$B15) -> 4.4731369 | Y15: =SUMIFS([1]raw_data!U:U,[1]raw_data!$A:$A,$B15) -> 624.11606 | Z15: =SUMIFS([1]raw_data!V:V,[1]raw_data!$A:$A,$B15) -> 2.94974 | AA15: =(I15+M15+Q15+U15+Y15)/5 -> 342.92808 | AC15: Q4 SAIDI | AD15: >191 | AE15: =COUNT(AA4:AA40) -> 37 | AF15: =SUM(F4:F40) -> 37432.257 | AH15: 26 ckts in Q4 were in other quartiles for 2023 only
B16: 106601 | C16: ALDRICH | D16: TRAVERSE | E16: Flint | F16: =IFERROR(INDEX([1]raw_data!B:B,MATCH('SAIDI excl MEDs sort (5-yr avg)'!B51,[1]raw_data!A:A,0)),0) -> 490.6 | G16: =SUMIFS([1]raw_data!C:C,[1]raw_data!$A:$A,$B16) -> 96.34051 | H16: =SUMIFS([1]raw_data!D:D,[1]raw_data!$A:$A,$B16) -> 0.54225352 | I16: =SUMIFS([1]raw_data!E:E,[1]raw_data!$A:$A,$B16) -> 64.690905 | J16: =SUMIFS([1]raw_data!F:F,[1]raw_data!$A:$A,$B16) -> 0.45070423 | K16: =SUMIFS([1]raw_data!G:G,[1]raw_data!$A:$A,$B16) -> 115.37966 | L16: =SUMIFS([1]raw_data!H:H,[1]raw_data!$A:$A,$B16) -> 0.77277277 | M16: =SUMIFS([1]raw_data!I:I,[1]raw_data!$A:$A,$B16) -> 86.368158 | N16: =SUMIFS([1]raw_data!J:J,[1]raw_data!$A:$A,$B16) -> 0.75175175 | O16: =SUMIFS([1]raw_data!K:K,[1]raw_data!$A:$A,$B16) -> 510.86051 | P16: =SUMIFS([1]raw_data!L:L,[1]raw_data!$A:$A,$B16) -> 3.0797546 | Q16: =SUMIFS([1]raw_data!M:M,[1]raw_data!$A:$A,$B16) -> 476.02249 | R16: =SUMIFS([1]raw_data!N:N,[1]raw_data!$A:$A,$B16) -> 3.0501022 | S16: =SUMIFS([1]raw_data!O:O,[1]raw_data!$A:$A,$B16) -> 347.23569 | T16: =SUMIFS([1]raw_data!P:P,[1]raw_data!$A:$A,$B16) -> 1.7559462 | U16: =SUMIFS([1]raw_data!Q:Q,[1]raw_data!$A:$A,$B16) -> 343.02577 | V16: =SUMIFS([1]raw_data!R:R,[1]raw_data!$A:$A,$B16) -> 1.7352637 | W16: =SUMIFS([1]raw_data!S:S,[1]raw_data!$A:$A,$B16) -> 753.34017 | X16: =SUMIFS([1]raw_data!T:T,[1]raw_data!$A:$A,$B16) -> 1.8020022 | Y16: =SUMIFS([1]raw_data!U:U,[1]raw_data!$A:$A,$B16) -> 700.5264 | Z16: =SUMIFS([1]raw_data!V:V,[1]raw_data!$A:$A,$B16) -> 1.7842047 | AA16: =(I16+M16+Q16+U16+Y16)/5 -> 334.12674
B17: 006401 | C17: BEECHER | D17: DISPOSAL | E17: Adrian | F17: =IFERROR(INDEX([1]raw_data!B:B,MATCH('SAIDI excl MEDs sort (5-yr avg)'!B33,[1]raw_data!A:A,0)),0) -> 1418.4 | G17: =SUMIFS([1]raw_data!C:C,[1]raw_data!$A:$A,$B17) -> 3211.0112 | H17: =SUMIFS([1]raw_data!D:D,[1]raw_data!$A:$A,$B17) -> 1.5316901 | I17: =SUMIFS([1]raw_data!E:E,[1]raw_data!$A:$A,$B17) -> 197.27619 | J17: =SUMIFS([1]raw_data!F:F,[1]raw_data!$A:$A,$B17) -> 0.71126761 | K17: =SUMIFS([1]raw_data!G:G,[1]raw_data!$A:$A,$B17) -> 81.064816 | L17: =SUMIFS([1]raw_data!H:H,[1]raw_data!$A:$A,$B17) -> 0.4341637 | M17: =SUMIFS([1]raw_data!I:I,[1]raw_data!$A:$A,$B17) -> 81.064816 | N17: =SUMIFS([1]raw_data!J:J,[1]raw_data!$A:$A,$B17) -> 0.4341637 | O17: =SUMIFS([1]raw_data!K:K,[1]raw_data!$A:$A,$B17) -> 20.28701 | P17: =SUMIFS([1]raw_data!L:L,[1]raw_data!$A:$A,$B17) -> 0.085409253 | Q17: =SUMIFS([1]raw_data!M:M,[1]raw_data!$A:$A,$B17) -> 9.379359 | R17: =SUMIFS([1]raw_data!N:N,[1]raw_data!$A:$A,$B17) -> 0.081850534 | S17: =SUMIFS([1]raw_data!O:O,[1]raw_data!$A:$A,$B17) -> 156.79399 | T17: =SUMIFS([1]raw_data!P:P,[1]raw_data!$A:$A,$B17) -> 1.1214286 | U17: =SUMIFS([1]raw_data!Q:Q,[1]raw_data!$A:$A,$B17) -> 156.51536 | V17: =SUMIFS([1]raw_data!R:R,[1]raw_data!$A:$A,$B17) -> 1.1178571 | W17: =SUMIFS([1]raw_data!S:S,[1]raw_data!$A:$A,$B17) -> 1158.512 | X17: =SUMIFS([1]raw_data!T:T,[1]raw_data!$A:$A,$B17) -> 3.3107143 | Y17: =SUMIFS([1]raw_data!U:U,[1]raw_data!$A:$A,$B17) -> 1158.512 | Z17: =SUMIFS([1]raw_data!V:V,[1]raw_data!$A:$A,$B17) -> 3.3107143 | AA17: =(I17+M17+Q17+U17+Y17)/5 -> 320.54954 | AC17: Muskegon | AD17: =COUNTIF(E4:E40,"Muskegon") -> 4 | AF17: =COUNTIF(E4:E193,"Muskegon") -> 21
B18: 010005 | C18: WEALTHY STREET | D18: WATSON | E18: Grand Rapids | F18: =IFERROR(INDEX([1]raw_data!B:B,MATCH('SAIDI excl MEDs sort (5-yr avg)'!B12,[1]raw_data!A:A,0)),0) -> 115.2 | G18: =SUMIFS([1]raw_data!C:C,[1]raw_data!$A:$A,$B18) -> 372.97109 | H18: =SUMIFS([1]raw_data!D:D,[1]raw_data!$A:$A,$B18) -> 2.8692308 | I18: =SUMIFS([1]raw_data!E:E,[1]raw_data!$A:$A,$B18) -> 372.97109 | J18: =SUMIFS([1]raw_data!F:F,[1]raw_data!$A:$A,$B18) -> 2.8692308 | K18: =SUMIFS([1]raw_data!G:G,[1]raw_data!$A:$A,$B18) -> 642.0812 | L18: =SUMIFS([1]raw_data!H:H,[1]raw_data!$A:$A,$B18) -> 2.8571429 | M18: =SUMIFS([1]raw_data!I:I,[1]raw_data!$A:$A,$B18) -> 642.0812 | N18: =SUMIFS([1]raw_data!J:J,[1]raw_data!$A:$A,$B18) -> 2.8571429 | O18: =SUMIFS([1]raw_data!K:K,[1]raw_data!$A:$A,$B18) -> 242.96371 | P18: =SUMIFS([1]raw_data!L:L,[1]raw_data!$A:$A,$B18) -> 1.0322581 | Q18: =SUMIFS([1]raw_data!M:M,[1]raw_data!$A:$A,$B18) -> 242.96371 | R18: =SUMIFS([1]raw_data!N:N,[1]raw_data!$A:$A,$B18) -> 1.0322581 | S18: =SUMIFS([1]raw_data!O:O,[1]raw_data!$A:$A,$B18) -> 265.76653 | T18: =SUMIFS([1]raw_data!P:P,[1]raw_data!$A:$A,$B18) -> 2.1735537 | U18: =SUMIFS([1]raw_data!Q:Q,[1]raw_data!$A:$A,$B18) -> 265.76653 | V18: =SUMIFS([1]raw_data!R:R,[1]raw_data!$A:$A,$B18) -> 2.1735537 | W18: =SUMIFS([1]raw_data!S:S,[1]raw_data!$A:$A,$B18) -> 30.49537 | X18: =SUMIFS([1]raw_data!T:T,[1]raw_data!$A:$A,$B18) -> 0.12962963 | Y18: =SUMIFS([1]raw_data!U:U,[1]raw_data!$A:$A,$B18) -> 30.49537 | Z18: =SUMIFS([1]raw_data!V:V,[1]raw_data!$A:$A,$B18) -> 0.12962963 | AA18: =(I18+M18+Q18+U18+Y18)/5 -> 310.85558 | AC18: Jackson | AD18: =COUNTIF(E4:E40,"Jackson") -> 0 | AF18: =COUNTIF(E4:E193,"Jackson") -> 13
B19: 039003 | C19: SLOAN | D19: LONGFELLOW | E19: Flint | F19: =IFERROR(INDEX([1]raw_data!B:B,MATCH('SAIDI excl MEDs sort (5-yr avg)'!B112,[1]raw_data!A:A,0)),0) -> 1801.2222 | G19: =SUMIFS([1]raw_data!C:C,[1]raw_data!$A:$A,$B19) -> 754.12927 | H19: =SUMIFS([1]raw_data!D:D,[1]raw_data!$A:$A,$B19) -> 2.3661504 | I19: =SUMIFS([1]raw_data!E:E,[1]raw_data!$A:$A,$B19) -> 29.527079 | J19: =SUMIFS([1]raw_data!F:F,[1]raw_data!$A:$A,$B19) -> 0.11504425 | K19: =SUMIFS([1]raw_data!G:G,[1]raw_data!$A:$A,$B19) -> 1408.6413 | L19: =SUMIFS([1]raw_data!H:H,[1]raw_data!$A:$A,$B19) -> 3.5782123 | M19: =SUMIFS([1]raw_data!I:I,[1]raw_data!$A:$A,$B19) -> 645.20147 | N19: =SUMIFS([1]raw_data!J:J,[1]raw_data!$A:$A,$B19) -> 3.1011173 | O19: =SUMIFS([1]raw_data!K:K,[1]raw_data!$A:$A,$B19) -> 1151.536 | P19: =SUMIFS([1]raw_data!L:L,[1]raw_data!$A:$A,$B19) -> 3.1907159 | Q19: =SUMIFS([1]raw_data!M:M,[1]raw_data!$A:$A,$B19) -> 574.44378 | R19: =SUMIFS([1]raw_data!N:N,[1]raw_data!$A:$A,$B19) -> 2.3836689 | S19: =SUMIFS([1]raw_data!O:O,[1]raw_data!$A:$A,$B19) -> 225.94858 | T19: =SUMIFS([1]raw_data!P:P,[1]raw_data!$A:$A,$B19) -> 0.81412429 | U19: =SUMIFS([1]raw_data!Q:Q,[1]raw_data!$A:$A,$B19) -> 176.40363 | V19: =SUMIFS([1]raw_data!R:R,[1]raw_data!$A:$A,$B19) -> 0.78248588 | W19: =SUMIFS([1]raw_data!S:S,[1]raw_data!$A:$A,$B19) -> 121.85759 | X19: =SUMIFS([1]raw_data!T:T,[1]raw_data!$A:$A,$B19) -> 0.76636051 | Y19: =SUMIFS([1]raw_data!U:U,[1]raw_data!$A:$A,$B19) -> 75.233409 | Z19: =SUMIFS([1]raw_data!V:V,[1]raw_data!$A:$A,$B19) -> 0.70264064 | AA19: =(I19+M19+Q19+U19+Y19)/5 -> 300.16187 | AC19: Adrian | AD19: =COUNTIF(E4:E40,"Adrian") -> 4 | AF19: =COUNTIF(E4:E193,"Adrian") -> 6
B20: 077601 | C20: KEATING | D20: WOOD STREET | E20: Muskegon | F20: =IFERROR(INDEX([1]raw_data!B:B,MATCH('SAIDI excl MEDs sort (5-yr avg)'!B95,[1]raw_data!A:A,0)),0) -> 1140.2 | G20: =SUMIFS([1]raw_data!C:C,[1]raw_data!$A:$A,$B20) -> 307.82751 | H20: =SUMIFS([1]raw_data!D:D,[1]raw_data!$A:$A,$B20) -> 1.3902439 | I20: =SUMIFS([1]raw_data!E:E,[1]raw_data!$A:$A,$B20) -> 47.865195 | J20: =SUMIFS([1]raw_data!F:F,[1]raw_data!$A:$A,$B20) -> 0.55222014 | K20: =SUMIFS([1]raw_data!G:G,[1]raw_data!$A:$A,$B20) -> 54.390947 | L20: =SUMIFS([1]raw_data!H:H,[1]raw_data!$A:$A,$B20) -> 0.43670077 | M20: =SUMIFS([1]raw_data!I:I,[1]raw_data!$A:$A,$B20) -> 51.134147 | N20: =SUMIFS([1]raw_data!J:J,[1]raw_data!$A:$A,$B20) -> 0.43158568 | O20: =SUMIFS([1]raw_data!K:K,[1]raw_data!$A:$A,$B20) -> 329.80128 | P20: =SUMIFS([1]raw_data!L:L,[1]raw_data!$A:$A,$B20) -> 1.3613607 | Q20: =SUMIFS([1]raw_data!M:M,[1]raw_data!$A:$A,$B20) -> 326.21904 | R20: =SUMIFS([1]raw_data!N:N,[1]raw_data!$A:$A,$B20) -> 1.3446727 | S20: =SUMIFS([1]raw_data!O:O,[1]raw_data!$A:$A,$B20) -> 636.05322 | T20: =SUMIFS([1]raw_data!P:P,[1]raw_data!$A:$A,$B20) -> 5.3689633 | U20: =SUMIFS([1]raw_data!Q:Q,[1]raw_data!$A:$A,$B20) -> 633.26833 | V20: =SUMIFS([1]raw_data!R:R,[1]raw_data!$A:$A,$B20) -> 5.3535093 | W20: =SUMIFS([1]raw_data!S:S,[1]raw_data!$A:$A,$B20) -> 748.17709 | X20: =SUMIFS([1]raw_data!T:T,[1]raw_data!$A:$A,$B20) -> 3.4767518 | Y20: =SUMIFS([1]raw_data!U:U,[1]raw_data!$A:$A,$B20) -> 358.96885 | Z20: =SUMIFS([1]raw_data!V:V,[1]raw_data!$A:$A,$B20) -> 2.1604453 | AA20: =(I20+M20+Q20+U20+Y20)/5 -> 283.49111 | AC20: Battle Creek | AD20: =COUNTIF(E4:E40,"Battle Creek") -> 3 | AF20: =COUNTIF(E4:E193,"Battle Creek") -> 11
B21: 054804 | C21: LEONARD | D21: NEWBERRY | E21: Grand Rapids | F21: =IFERROR(INDEX([1]raw_data!B:B,MATCH('SAIDI excl MEDs sort (5-yr avg)'!B78,[1]raw_data!A:A,0)),0) -> 810.11111 | G21: =SUMIFS([1]raw_data!C:C,[1]raw_data!$A:$A,$B21) -> 75.388832 | H21: =SUMIFS([1]raw_data!D:D,[1]raw_data!$A:$A,$B21) -> 0.98727273 | I21: =SUMIFS([1]raw_data!E:E,[1]raw_data!$A:$A,$B21) -> 75.317213 | J21: =SUMIFS([1]raw_data!F:F,[1]raw_data!$A:$A,$B21) -> 0.98545455 | K21: =SUMIFS([1]raw_data!G:G,[1]raw_data!$A:$A,$B21) -> 1964.8346 | L21: =SUMIFS([1]raw_data!H:H,[1]raw_data!$A:$A,$B21) -> 2.8378378 | M21: =SUMIFS([1]raw_data!I:I,[1]raw_data!$A:$A,$B21) -> 774.96845 | N21: =SUMIFS([1]raw_data!J:J,[1]raw_data!$A:$A,$B21) -> 1.9225225 | O21: =SUMIFS([1]raw_data!K:K,[1]raw_data!$A:$A,$B21) -> 236.29394 | P21: =SUMIFS([1]raw_data!L:L,[1]raw_data!$A:$A,$B21) -> 2.9118705 | Q21: =SUMIFS([1]raw_data!M:M,[1]raw_data!$A:$A,$B21) -> 231.52926 | R21: =SUMIFS([1]raw_data!N:N,[1]raw_data!$A:$A,$B21) -> 2.9082734 | S21: =SUMIFS([1]raw_data!O:O,[1]raw_data!$A:$A,$B21) -> 269.82518 | T21: =SUMIFS([1]raw_data!P:P,[1]raw_data!$A:$A,$B21) -> 3.115942 | U21: =SUMIFS([1]raw_data!Q:Q,[1]raw_data!$A:$A,$B21) -> 269.82518 | V21: =SUMIFS([1]raw_data!R:R,[1]raw_data!$A:$A,$B21) -> 3.115942 | W21: =SUMIFS([1]raw_data!S:S,[1]raw_data!$A:$A,$B21) -> 19.616042 | X21: =SUMIFS([1]raw_data!T:T,[1]raw_data!$A:$A,$B21) -> 0.048689139 | Y21: =SUMIFS([1]raw_data!U:U,[1]raw_data!$A:$A,$B21) -> 19.616042 | Z21: =SUMIFS([1]raw_data!V:V,[1]raw_data!$A:$A,$B21) -> 0.048689139 | AA21: =(I21+M21+Q21+U21+Y21)/5 -> 274.25123 | AC21: Kalamazoo | AD21: =COUNTIF(E4:E40,"Kalamazoo") -> 5 | AF21: =COUNTIF(E4:E193,"Kalamazoo") -> 31
B22: 003902 | C22: MAUMEE | D22: LENAWEE ST | E22: Adrian | F22: =IFERROR(INDEX([1]raw_data!B:B,MATCH('SAIDI excl MEDs sort (5-yr avg)'!B99,[1]raw_data!A:A,0)),0) -> 1514.8 | G22: =SUMIFS([1]raw_data!C:C,[1]raw_data!$A:$A,$B22) -> 5540.9072 | H22: =SUMIFS([1]raw_data!D:D,[1]raw_data!$A:$A,$B22) -> 1.684507 | I22: =SUMIFS([1]raw_data!E:E,[1]raw_data!$A:$A,$B22) -> 45.11083 | J22: =SUMIFS([1]raw_data!F:F,[1]raw_data!$A:$A,$B22) -> 0.66830986 | K22: =SUMIFS([1]raw_data!G:G,[1]raw_data!$A:$A,$B22) -> 869.58842 | L22: =SUMIFS([1]raw_data!H:H,[1]raw_data!$A:$A,$B22) -> 3.0140056 | M22: =SUMIFS([1]raw_data!I:I,[1]raw_data!$A:$A,$B22) -> 120.40631 | N22: =SUMIFS([1]raw_data!J:J,[1]raw_data!$A:$A,$B22) -> 1.3970588 | O22: =SUMIFS([1]raw_data!K:K,[1]raw_data!$A:$A,$B22) -> 551.84509 | P22: =SUMIFS([1]raw_data!L:L,[1]raw_data!$A:$A,$B22) -> 3.1547117 | Q22: =SUMIFS([1]raw_data!M:M,[1]raw_data!$A:$A,$B22) -> 183.48197 | R22: =SUMIFS([1]raw_data!N:N,[1]raw_data!$A:$A,$B22) -> 2.1540084 | S22: =SUMIFS([1]raw_data!O:O,[1]raw_data!$A:$A,$B22) -> 121.56555 | T22: =SUMIFS([1]raw_data!P:P,[1]raw_data!$A:$A,$B22) -> 1.7986014 | U22: =SUMIFS([1]raw_data!Q:Q,[1]raw_data!$A:$A,$B22) -> 120.98495 | V22: =SUMIFS([1]raw_data!R:R,[1]raw_data!$A:$A,$B22) -> 1.7699301 | W22: =SUMIFS([1]raw_data!S:S,[1]raw_data!$A:$A,$B22) -> 892.23187 | X22: =SUMIFS([1]raw_data!T:T,[1]raw_data!$A:$A,$B22) -> 2.2251235 | Y22: =SUMIFS([1]raw_data!U:U,[1]raw_data!$A:$A,$B22) -> 891.73432 | Z22: =SUMIFS([1]raw_data!V:V,[1]raw_data!$A:$A,$B22) -> 2.2244178 | AA22: =(I22+M22+Q22+U22+Y22)/5 -> 272.34368 | AC22: Flint | AD22: =COUNTIF(E4:E40,"Flint") -> 10 | AF22: =COUNTIF(E4:E193,"Flint") -> 42
B23: 090601 | C23: HARRIET | D23: WITHERBEE | E23: Flint | F23: =IFERROR(INDEX([1]raw_data!B:B,MATCH('SAIDI excl MEDs sort (5-yr avg)'!B151,[1]raw_data!A:A,0)),0) -> 48.25 | G23: =SUMIFS([1]raw_data!C:C,[1]raw_data!$A:$A,$B23) -> 4.643464 | H23: =SUMIFS([1]raw_data!D:D,[1]raw_data!$A:$A,$B23) -> 0.009569378 | I23: =SUMIFS([1]raw_data!E:E,[1]raw_data!$A:$A,$B23) -> 4.643464 | J23: =SUMIFS([1]raw_data!F:F,[1]raw_data!$A:$A,$B23) -> 0.009569378 | K23: =SUMIFS([1]raw_data!G:G,[1]raw_data!$A:$A,$B23) -> 372.71669 | L23: =SUMIFS([1]raw_data!H:H,[1]raw_data!$A:$A,$B23) -> 1.0240096 | M23: =SUMIFS([1]raw_data!I:I,[1]raw_data!$A:$A,$B23) -> 372.71669 | N23: =SUMIFS([1]raw_data!J:J,[1]raw_data!$A:$A,$B23) -> 1.0240096 | O23: =SUMIFS([1]raw_data!K:K,[1]raw_data!$A:$A,$B23) -> 467.58828 | P23: =SUMIFS([1]raw_data!L:L,[1]raw_data!$A:$A,$B23) -> 1.5741627 | Q23: =SUMIFS([1]raw_data!M:M,[1]raw_data!$A:$A,$B23) -> 465.26314 | R23: =SUMIFS([1]raw_data!N:N,[1]raw_data!$A:$A,$B23) -> 1.5717703 | S23: =SUMIFS([1]raw_data!O:O,[1]raw_data!$A:$A,$B23) -> 94.243662 | T23: =SUMIFS([1]raw_data!P:P,[1]raw_data!$A:$A,$B23) -> 0.83996463 | U23: =SUMIFS([1]raw_data!Q:Q,[1]raw_data!$A:$A,$B23) -> 45.957264 | V23: =SUMIFS([1]raw_data!R:R,[1]raw_data!$A:$A,$B23) -> 0.069849691 | W23: =SUMIFS([1]raw_data!S:S,[1]raw_data!$A:$A,$B23) -> 468.30378 | X23: =SUMIFS([1]raw_data!T:T,[1]raw_data!$A:$A,$B23) -> 2.3314045 | Y23: =SUMIFS([1]raw_data!U:U,[1]raw_data!$A:$A,$B23) -> 467.35641 | Z23: =SUMIFS([1]raw_data!V:V,[1]raw_data!$A:$A,$B23) -> 2.3303524 | AA23: =(I23+M23+Q23+U23+Y23)/5 -> 271.18739 | AC23: Grand Rapids | AD23: =COUNTIF(E4:E40,"Grand Rapids") -> 11 | AF23: =COUNTIF(E4:E193,"Grand Rapids") -> 66
B24: 079301 | C24: RAVINE | D24: PATTERSON | E24: Kalamazoo | F24: =IFERROR(INDEX([1]raw_data!B:B,MATCH('SAIDI excl MEDs sort (5-yr avg)'!B53,[1]raw_data!A:A,0)),0) -> 1705.2 | G24: =SUMIFS([1]raw_data!C:C,[1]raw_data!$A:$A,$B24) -> 607.41873 | H24: =SUMIFS([1]raw_data!D:D,[1]raw_data!$A:$A,$B24) -> 2.1030685 | I24: =SUMIFS([1]raw_data!E:E,[1]raw_data!$A:$A,$B24) -> 135.21228 | J24: =SUMIFS([1]raw_data!F:F,[1]raw_data!$A:$A,$B24) -> 1.097561 | K24: =SUMIFS([1]raw_data!G:G,[1]raw_data!$A:$A,$B24) -> 175.69006 | L24: =SUMIFS([1]raw_data!H:H,[1]raw_data!$A:$A,$B24) -> 0.80769231 | M24: =SUMIFS([1]raw_data!I:I,[1]raw_data!$A:$A,$B24) -> 175.69006 | N24: =SUMIFS([1]raw_data!J:J,[1]raw_data!$A:$A,$B24) -> 0.80769231 | O24: =SUMIFS([1]raw_data!K:K,[1]raw_data!$A:$A,$B24) -> 312.13924 | P24: =SUMIFS([1]raw_data!L:L,[1]raw_data!$A:$A,$B24) -> 2.3518809 | Q24: =SUMIFS([1]raw_data!M:M,[1]raw_data!$A:$A,$B24) -> 302.48627 | R24: =SUMIFS([1]raw_data!N:N,[1]raw_data!$A:$A,$B24) -> 2.3424765 | S24: =SUMIFS([1]raw_data!O:O,[1]raw_data!$A:$A,$B24) -> 654.56798 | T24: =SUMIFS([1]raw_data!P:P,[1]raw_data!$A:$A,$B24) -> 1.8066724 | U24: =SUMIFS([1]raw_data!Q:Q,[1]raw_data!$A:$A,$B24) -> 654.56798 | V24: =SUMIFS([1]raw_data!R:R,[1]raw_data!$A:$A,$B24) -> 1.8066724 | W24: =SUMIFS([1]raw_data!S:S,[1]raw_data!$A:$A,$B24) -> 220.96455 | X24: =SUMIFS([1]raw_data!T:T,[1]raw_data!$A:$A,$B24) -> 0.86248013 | Y24: =SUMIFS([1]raw_data!U:U,[1]raw_data!$A:$A,$B24) -> 72.445482 | Z24: =SUMIFS([1]raw_data!V:V,[1]raw_data!$A:$A,$B24) -> 0.57631161 | AA24: =(I24+M24+Q24+U24+Y24)/5 -> 268.08041
B25: 032502 | C25: BOSTON SQUARE | D25: KALAMAZOO | E25: Grand Rapids | F25: =IFERROR(INDEX([1]raw_data!B:B,MATCH('SAIDI excl MEDs sort (5-yr avg)'!B134,[1]raw_data!A:A,0)),0) -> 516.625 | G25: =SUMIFS([1]raw_data!C:C,[1]raw_data!$A:$A,$B25) -> 12.160321 | H25: =SUMIFS([1]raw_data!D:D,[1]raw_data!$A:$A,$B25) -> 0.10393802 | I25: =SUMIFS([1]raw_data!E:E,[1]raw_data!$A:$A,$B25) -> 11.836369 | J25: =SUMIFS([1]raw_data!F:F,[1]raw_data!$A:$A,$B25) -> 0.10329245 | K25: =SUMIFS([1]raw_data!G:G,[1]raw_data!$A:$A,$B25) -> 583.13712 | L25: =SUMIFS([1]raw_data!H:H,[1]raw_data!$A:$A,$B25) -> 1.20245 | M25: =SUMIFS([1]raw_data!I:I,[1]raw_data!$A:$A,$B25) -> 575.11156 | N25: =SUMIFS([1]raw_data!J:J,[1]raw_data!$A:$A,$B25) -> 1.1553836 | O25: =SUMIFS([1]raw_data!K:K,[1]raw_data!$A:$A,$B25) -> 606.35235 | P25: =SUMIFS([1]raw_data!L:L,[1]raw_data!$A:$A,$B25) -> 4.1008403 | Q25: =SUMIFS([1]raw_data!M:M,[1]raw_data!$A:$A,$B25) -> 604.00853 | R25: =SUMIFS([1]raw_data!N:N,[1]raw_data!$A:$A,$B25) -> 4.0982547 | S25: =SUMIFS([1]raw_data!O:O,[1]raw_data!$A:$A,$B25) -> 75.03228 | T25: =SUMIFS([1]raw_data!P:P,[1]raw_data!$A:$A,$B25) -> 0.56742671 | U25: =SUMIFS([1]raw_data!Q:Q,[1]raw_data!$A:$A,$B25) -> 75.03228 | V25: =SUMIFS([1]raw_data!R:R,[1]raw_data!$A:$A,$B25) -> 0.56742671 | W25: =SUMIFS([1]raw_data!S:S,[1]raw_data!$A:$A,$B25) -> 1754.2377 | X25: =SUMIFS([1]raw_data!T:T,[1]raw_data!$A:$A,$B25) -> 1.0026042 | Y25: =SUMIFS([1]raw_data!U:U,[1]raw_data!$A:$A,$B25) -> 32.683832 | Z25: =SUMIFS([1]raw_data!V:V,[1]raw_data!$A:$A,$B25) -> 0.31966146 | AA25: =(I25+M25+Q25+U25+Y25)/5 -> 259.73452
B26: 040401 | C26: ALBER | D26: TERRITORIAL | E26: Battle Creek | F26: =IFERROR(INDEX([1]raw_data!B:B,MATCH('SAIDI excl MEDs sort (5-yr avg)'!B69,[1]raw_data!A:A,0)),0) -> 329.375 | G26: =SUMIFS([1]raw_data!C:C,[1]raw_data!$A:$A,$B26) -> 1245.6575 | H26: =SUMIFS([1]raw_data!D:D,[1]raw_data!$A:$A,$B26) -> 1.2261209 | I26: =SUMIFS([1]raw_data!E:E,[1]raw_data!$A:$A,$B26) -> 93.936811 | J26: =SUMIFS([1]raw_data!F:F,[1]raw_data!$A:$A,$B26) -> 0.27095517 | K26: =SUMIFS([1]raw_data!G:G,[1]raw_data!$A:$A,$B26) -> 558.99963 | L26: =SUMIFS([1]raw_data!H:H,[1]raw_data!$A:$A,$B26) -> 1.9682437 | M26: =SUMIFS([1]raw_data!I:I,[1]raw_data!$A:$A,$B26) -> 558.36289 | N26: =SUMIFS([1]raw_data!J:J,[1]raw_data!$A:$A,$B26) -> 1.9669475 | O26: =SUMIFS([1]raw_data!K:K,[1]raw_data!$A:$A,$B26) -> 167.88277 | P26: =SUMIFS([1]raw_data!L:L,[1]raw_data!$A:$A,$B26) -> 0.13195343 | Q26: =SUMIFS([1]raw_data!M:M,[1]raw_data!$A:$A,$B26) -> 3.984659 | R26: =SUMIFS([1]raw_data!N:N,[1]raw_data!$A:$A,$B26) -> 0.038809832 | S26: =SUMIFS([1]raw_data!O:O,[1]raw_data!$A:$A,$B26) -> 4975.4824 | T26: =SUMIFS([1]raw_data!P:P,[1]raw_data!$A:$A,$B26) -> 4.1679715 | U26: =SUMIFS([1]raw_data!Q:Q,[1]raw_data!$A:$A,$B26) -> 301.3379 | V26: =SUMIFS([1]raw_data!R:R,[1]raw_data!$A:$A,$B26) -> 3.0754448 | W26: =SUMIFS([1]raw_data!S:S,[1]raw_data!$A:$A,$B26) -> 340.95894 | X26: =SUMIFS([1]raw_data!T:T,[1]raw_data!$A:$A,$B26) -> 2.1716907 | Y26: =SUMIFS([1]raw_data!U:U,[1]raw_data!$A:$A,$B26) -> 329.19526 | Z26: =SUMIFS([1]raw_data!V:V,[1]raw_data!$A:$A,$B26) -> 2.1120577 | AA26: =(I26+M26+Q26+U26+Y26)/5 -> 257.3635
B27: 058601 | C27: LEITH STREET | D27: FRANKLIN | E27: Flint | F27: =IFERROR(INDEX([1]raw_data!B:B,MATCH('SAIDI excl MEDs sort (5-yr avg)'!B137,[1]raw_data!A:A,0)),0) -> 395.57143 | G27: =SUMIFS([1]raw_data!C:C,[1]raw_data!$A:$A,$B27) -> 10.492841 | H27: =SUMIFS([1]raw_data!D:D,[1]raw_data!$A:$A,$B27) -> 0.099363057 | I27: =SUMIFS([1]raw_data!E:E,[1]raw_data!$A:$A,$B27) -> 10.492841 | J27: =SUMIFS([1]raw_data!F:F,[1]raw_data!$A:$A,$B27) -> 0.099363057 | K27: =SUMIFS([1]raw_data!G:G,[1]raw_data!$A:$A,$B27) -> 31.970343 | L27: =SUMIFS([1]raw_data!H:H,[1]raw_data!$A:$A,$B27) -> 0.17758186 | M27: =SUMIFS([1]raw_data!I:I,[1]raw_data!$A:$A,$B27) -> 31.107384 | N27: =SUMIFS([1]raw_data!J:J,[1]raw_data!$A:$A,$B27) -> 0.17506297 | O27: =SUMIFS([1]raw_data!K:K,[1]raw_data!$A:$A,$B27) -> 1292.1658 | P27: =SUMIFS([1]raw_data!L:L,[1]raw_data!$A:$A,$B27) -> 1.3588457 | Q27: =SUMIFS([1]raw_data!M:M,[1]raw_data!$A:$A,$B27) -> 695.47685 | R27: =SUMIFS([1]raw_data!N:N,[1]raw_data!$A:$A,$B27) -> 1.1819322 | S27: =SUMIFS([1]raw_data!O:O,[1]raw_data!$A:$A,$B27) -> 68.656853 | T27: =SUMIFS([1]raw_data!P:P,[1]raw_data!$A:$A,$B27) -> 0.28518972 | U27: =SUMIFS([1]raw_data!Q:Q,[1]raw_data!$A:$A,$B27) -> 68.54596 | V27: =SUMIFS([1]raw_data!R:R,[1]raw_data!$A:$A,$B27) -> 0.28151775 | W27: =SUMIFS([1]raw_data!S:S,[1]raw_data!$A:$A,$B27) -> 462.21706 | X27: =SUMIFS([1]raw_data!T:T,[1]raw_data!$A:$A,$B27) -> 1.3739546 | Y27: =SUMIFS([1]raw_data!U:U,[1]raw_data!$A:$A,$B27) -> 454.54532 | Z27: =SUMIFS([1]raw_data!V:V,[1]raw_data!$A:$A,$B27) -> 1.3524492 | AA27: =(I27+M27+Q27+U27+Y27)/5 -> 252.03367
B28: 074304 | C28: RED ARROW | D28: OGEMA | E28: Flint | F28: =IFERROR(INDEX([1]raw_data!B:B,MATCH('SAIDI excl MEDs sort (5-yr avg)'!B11,[1]raw_data!A:A,0)),0) -> 788 | G28: =SUMIFS([1]raw_data!C:C,[1]raw_data!$A:$A,$B28) -> 388.23441 | H28: =SUMIFS([1]raw_data!D:D,[1]raw_data!$A:$A,$B28) -> 1.3366398 | I28: =SUMIFS([1]raw_data!E:E,[1]raw_data!$A:$A,$B28) -> 388.05711 | J28: =SUMIFS([1]raw_data!F:F,[1]raw_data!$A:$A,$B28) -> 1.3360198 | K28: =SUMIFS([1]raw_data!G:G,[1]raw_data!$A:$A,$B28) -> 640.90034 | L28: =SUMIFS([1]raw_data!H:H,[1]raw_data!$A:$A,$B28) -> 1.408125 | M28: =SUMIFS([1]raw_data!I:I,[1]raw_data!$A:$A,$B28) -> 36.214118 | N28: =SUMIFS([1]raw_data!J:J,[1]raw_data!$A:$A,$B28) -> 0.256875 | O28: =SUMIFS([1]raw_data!K:K,[1]raw_data!$A:$A,$B28) -> 40.338625 | P28: =SUMIFS([1]raw_data!L:L,[1]raw_data!$A:$A,$B28) -> 0.19785759 | Q28: =SUMIFS([1]raw_data!M:M,[1]raw_data!$A:$A,$B28) -> 37.720121 | R28: =SUMIFS([1]raw_data!N:N,[1]raw_data!$A:$A,$B28) -> 0.1915564 | S28: =SUMIFS([1]raw_data!O:O,[1]raw_data!$A:$A,$B28) -> 685.48292 | T28: =SUMIFS([1]raw_data!P:P,[1]raw_data!$A:$A,$B28) -> 3.45335 | U28: =SUMIFS([1]raw_data!Q:Q,[1]raw_data!$A:$A,$B28) -> 684.02721 | V28: =SUMIFS([1]raw_data!R:R,[1]raw_data!$A:$A,$B28) -> 3.4458359 | W28: =SUMIFS([1]raw_data!S:S,[1]raw_data!$A:$A,$B28) -> 106.38029 | X28: =SUMIFS([1]raw_data!T:T,[1]raw_data!$A:$A,$B28) -> 0.34779874 | Y28: =SUMIFS([1]raw_data!U:U,[1]raw_data!$A:$A,$B28) -> 90.235796 | Z28: =SUMIFS([1]raw_data!V:V,[1]raw_data!$A:$A,$B28) -> 0.31698113 | AA28: =(I28+M28+Q28+U28+Y28)/5 -> 247.25087
B29: 077401 | C29: DEWEY | D29: WIDDICOMB | E29: Grand Rapids | F29: =IFERROR(INDEX([1]raw_data!B:B,MATCH('SAIDI excl MEDs sort (5-yr avg)'!B19,[1]raw_data!A:A,0)),0) -> 1598.8 | G29: =SUMIFS([1]raw_data!C:C,[1]raw_data!$A:$A,$B29) -> 287.6085 | H29: =SUMIFS([1]raw_data!D:D,[1]raw_data!$A:$A,$B29) -> 1.1306533 | I29: =SUMIFS([1]raw_data!E:E,[1]raw_data!$A:$A,$B29) -> 287.10177 | J29: =SUMIFS([1]raw_data!F:F,[1]raw_data!$A:$A,$B29) -> 1.1286432 | K29: =SUMIFS([1]raw_data!G:G,[1]raw_data!$A:$A,$B29) -> 1690.6742 | L29: =SUMIFS([1]raw_data!H:H,[1]raw_data!$A:$A,$B29) -> 4.4883721 | M29: =SUMIFS([1]raw_data!I:I,[1]raw_data!$A:$A,$B29) -> 337.15799 | N29: =SUMIFS([1]raw_data!J:J,[1]raw_data!$A:$A,$B29) -> 2.8129845 | O29: =SUMIFS([1]raw_data!K:K,[1]raw_data!$A:$A,$B29) -> 95.41006 | P29: =SUMIFS([1]raw_data!L:L,[1]raw_data!$A:$A,$B29) -> 1.1463178 | Q29: =SUMIFS([1]raw_data!M:M,[1]raw_data!$A:$A,$B29) -> 14.249337 | R29: =SUMIFS([1]raw_data!N:N,[1]raw_data!$A:$A,$B29) -> 0.11143411 | S29: =SUMIFS([1]raw_data!O:O,[1]raw_data!$A:$A,$B29) -> 588.12784 | T29: =SUMIFS([1]raw_data!P:P,[1]raw_data!$A:$A,$B29) -> 2.0107991 | U29: =SUMIFS([1]raw_data!Q:Q,[1]raw_data!$A:$A,$B29) -> 548.74258 | V29: =SUMIFS([1]raw_data!R:R,[1]raw_data!$A:$A,$B29) -> 1.9838013 | W29: =SUMIFS([1]raw_data!S:S,[1]raw_data!$A:$A,$B29) -> 18.152516 | X29: =SUMIFS([1]raw_data!T:T,[1]raw_data!$A:$A,$B29) -> 0.14744352 | Y29: =SUMIFS([1]raw_data!U:U,[1]raw_data!$A:$A,$B29) -> 16.958997 | Z29: =SUMIFS([1]raw_data!V:V,[1]raw_data!$A:$A,$B29) -> 0.14387634 | AA29: =(I29+M29+Q29+U29+Y29)/5 -> 240.84213
B30: 041301 | C30: TERRACE | D30: SHORELINE | E30: Muskegon | F30: =IFERROR(INDEX([1]raw_data!B:B,MATCH('SAIDI excl MEDs sort (5-yr avg)'!B46,[1]raw_data!A:A,0)),0) -> 89.5 | G30: =SUMIFS([1]raw_data!C:C,[1]raw_data!$A:$A,$B30) -> 150.64737 | H30: =SUMIFS([1]raw_data!D:D,[1]raw_data!$A:$A,$B30) -> 1.5044248 | I30: =SUMIFS([1]raw_data!E:E,[1]raw_data!$A:$A,$B30) -> 150.64737 | J30: =SUMIFS([1]raw_data!F:F,[1]raw_data!$A:$A,$B30) -> 1.5044248 | K30: =SUMIFS([1]raw_data!G:G,[1]raw_data!$A:$A,$B30) -> 496.76308 | L30: =SUMIFS([1]raw_data!H:H,[1]raw_data!$A:$A,$B30) -> 1 | M30: =SUMIFS([1]raw_data!I:I,[1]raw_data!$A:$A,$B30) -> 496.76308 | N30: =SUMIFS([1]raw_data!J:J,[1]raw_data!$A:$A,$B30) -> 1 | O30: =SUMIFS([1]raw_data!K:K,[1]raw_data!$A:$A,$B30) -> 684.31206 | P30: =SUMIFS([1]raw_data!L:L,[1]raw_data!$A:$A,$B30) -> 2.8190476 | Q30: =SUMIFS([1]raw_data!M:M,[1]raw_data!$A:$A,$B30) -> 454.89778 | R30: =SUMIFS([1]raw_data!N:N,[1]raw_data!$A:$A,$B30) -> 1.8095238 | S30: =SUMIFS([1]raw_data!O:O,[1]raw_data!$A:$A,$B30) -> 83.455673 | T30: =SUMIFS([1]raw_data!P:P,[1]raw_data!$A:$A,$B30) -> 0.44680851 | U30: =SUMIFS([1]raw_data!Q:Q,[1]raw_data!$A:$A,$B30) -> 83.455673 | V30: =SUMIFS([1]raw_data!R:R,[1]raw_data!$A:$A,$B30) -> 0.44680851 | W30: =SUMIFS([1]raw_data!S:S,[1]raw_data!$A:$A,$B30) -> 525.13493 | X30: =SUMIFS([1]raw_data!T:T,[1]raw_data!$A:$A,$B30) -> 0.47945205 | Y30: =SUMIFS([1]raw_data!U:U,[1]raw_data!$A:$A,$B30) -> 11.902054 | Z30: =SUMIFS([1]raw_data!V:V,[1]raw_data!$A:$A,$B30) -> 0.12328767 | AA30: =(I30+M30+Q30+U30+Y30)/5 -> 239.53319
B31: 041503 | C31: GLENDALE | D31: HERCULES | E31: Kalamazoo | F31: =IFERROR(INDEX([1]raw_data!B:B,MATCH('SAIDI excl MEDs sort (5-yr avg)'!B29,[1]raw_data!A:A,0)),0) -> 965.2 | G31: =SUMIFS([1]raw_data!C:C,[1]raw_data!$A:$A,$B31) -> 1232.9432 | H31: =SUMIFS([1]raw_data!D:D,[1]raw_data!$A:$A,$B31) -> 1.3531073 | I31: =SUMIFS([1]raw_data!E:E,[1]raw_data!$A:$A,$B31) -> 225.47009 | J31: =SUMIFS([1]raw_data!F:F,[1]raw_data!$A:$A,$B31) -> 0.96327684 | K31: =SUMIFS([1]raw_data!G:G,[1]raw_data!$A:$A,$B31) -> 187.56985 | L31: =SUMIFS([1]raw_data!H:H,[1]raw_data!$A:$A,$B31) -> 0.70774977 | M31: =SUMIFS([1]raw_data!I:I,[1]raw_data!$A:$A,$B31) -> 173.61753 | N31: =SUMIFS([1]raw_data!J:J,[1]raw_data!$A:$A,$B31) -> 0.67320261 | O31: =SUMIFS([1]raw_data!K:K,[1]raw_data!$A:$A,$B31) -> 1224.997 | P31: =SUMIFS([1]raw_data!L:L,[1]raw_data!$A:$A,$B31) -> 2.8115672 | Q31: =SUMIFS([1]raw_data!M:M,[1]raw_data!$A:$A,$B31) -> 179.12047 | R31: =SUMIFS([1]raw_data!N:N,[1]raw_data!$A:$A,$B31) -> 1.7873134 | S31: =SUMIFS([1]raw_data!O:O,[1]raw_data!$A:$A,$B31) -> 367.10895 | T31: =SUMIFS([1]raw_data!P:P,[1]raw_data!$A:$A,$B31) -> 1.4519141 | U31: =SUMIFS([1]raw_data!Q:Q,[1]raw_data!$A:$A,$B31) -> 367.10895 | V31: =SUMIFS([1]raw_data!R:R,[1]raw_data!$A:$A,$B31) -> 1.4519141 | W31: =SUMIFS([1]raw_data!S:S,[1]raw_data!$A:$A,$B31) -> 377.86596 | X31: =SUMIFS([1]raw_data!T:T,[1]raw_data!$A:$A,$B31) -> 2.0805556 | Y31: =SUMIFS([1]raw_data!U:U,[1]raw_data!$A:$A,$B31) -> 248.16835 | Z31: =SUMIFS([1]raw_data!V:V,[1]raw_data!$A:$A,$B31) -> 1.0490741 | AA31: =(I31+M31+Q31+U31+Y31)/5 -> 238.69708
B32: 006107 | C32: SAGINAW STREET | D32: LEWIS STREET | E32: Flint | F32: =IFERROR(INDEX([1]raw_data!B:B,MATCH('SAIDI excl MEDs sort (5-yr avg)'!B76,[1]raw_data!A:A,0)),0) -> 1070 | G32: =SUMIFS([1]raw_data!C:C,[1]raw_data!$A:$A,$B32) -> 78.823547 | H32: =SUMIFS([1]raw_data!D:D,[1]raw_data!$A:$A,$B32) -> 0.61788618 | I32: =SUMIFS([1]raw_data!E:E,[1]raw_data!$A:$A,$B32) -> 78.823547 | J32: =SUMIFS([1]raw_data!F:F,[1]raw_data!$A:$A,$B32) -> 0.61788618 | K32: =SUMIFS([1]raw_data!G:G,[1]raw_data!$A:$A,$B32) -> 0 | L32: =SUMIFS([1]raw_data!H:H,[1]raw_data!$A:$A,$B32) -> 0 | M32: =SUMIFS([1]raw_data!I:I,[1]raw_data!$A:$A,$B32) -> 0 | N32: =SUMIFS([1]raw_data!J:J,[1]raw_data!$A:$A,$B32) -> 0 | O32: =SUMIFS([1]raw_data!K:K,[1]raw_data!$A:$A,$B32) -> 1037.1703 | P32: =SUMIFS([1]raw_data!L:L,[1]raw_data!$A:$A,$B32) -> 1.192 | Q32: =SUMIFS([1]raw_data!M:M,[1]raw_data!$A:$A,$B32) -> 1037.1703 | R32: =SUMIFS([1]raw_data!N:N,[1]raw_data!$A:$A,$B32) -> 1.192 | S32: =SUMIFS([1]raw_data!O:O,[1]raw_data!$A:$A,$B32) -> 56.348611 | T32: =SUMIFS([1]raw_data!P:P,[1]raw_data!$A:$A,$B32) -> 1.0916667 | U32: =SUMIFS([1]raw_data!Q:Q,[1]raw_data!$A:$A,$B32) -> 6.748611 | V32: =SUMIFS([1]raw_data!R:R,[1]raw_data!$A:$A,$B32) -> 0.058333333 | W32: =SUMIFS([1]raw_data!S:S,[1]raw_data!$A:$A,$B32) -> 26.214678 | X32: =SUMIFS([1]raw_data!T:T,[1]raw_data!$A:$A,$B32) -> 0.83486239 | Y32: =SUMIFS([1]raw_data!U:U,[1]raw_data!$A:$A,$B32) -> 26.214678 | Z32: =SUMIFS([1]raw_data!V:V,[1]raw_data!$A:$A,$B32) -> 0.83486239 | AA32: =(I32+M32+Q32+U32+Y32)/5 -> 229.79142
B33: 075701 | C33: MAPLE GROVE | D33: HENRY STREET | E33: Muskegon | F33: =IFERROR(INDEX([1]raw_data!B:B,MATCH('SAIDI excl MEDs sort (5-yr avg)'!B7,[1]raw_data!A:A,0)),0) -> 766.22222 | G33: =SUMIFS([1]raw_data!C:C,[1]raw_data!$A:$A,$B33) -> 1140.1991 | H33: =SUMIFS([1]raw_data!D:D,[1]raw_data!$A:$A,$B33) -> 3.6631579 | I33: =SUMIFS([1]raw_data!E:E,[1]raw_data!$A:$A,$B33) -> 652.81186 | J33: =SUMIFS([1]raw_data!F:F,[1]raw_data!$A:$A,$B33) -> 2.5052632 | K33: =SUMIFS([1]raw_data!G:G,[1]raw_data!$A:$A,$B33) -> 52.310887 | L33: =SUMIFS([1]raw_data!H:H,[1]raw_data!$A:$A,$B33) -> 0.29073034 | M33: =SUMIFS([1]raw_data!I:I,[1]raw_data!$A:$A,$B33) -> 51.466569 | N33: =SUMIFS([1]raw_data!J:J,[1]raw_data!$A:$A,$B33) -> 0.2886236 | O33: =SUMIFS([1]raw_data!K:K,[1]raw_data!$A:$A,$B33) -> 54.559361 | P33: =SUMIFS([1]raw_data!L:L,[1]raw_data!$A:$A,$B33) -> 0.34390416 | Q33: =SUMIFS([1]raw_data!M:M,[1]raw_data!$A:$A,$B33) -> 54.330256 | R33: =SUMIFS([1]raw_data!N:N,[1]raw_data!$A:$A,$B33) -> 0.33967583 | S33: =SUMIFS([1]raw_data!O:O,[1]raw_data!$A:$A,$B33) -> 278.94603 | T33: =SUMIFS([1]raw_data!P:P,[1]raw_data!$A:$A,$B33) -> 1.5201129 | U33: =SUMIFS([1]raw_data!Q:Q,[1]raw_data!$A:$A,$B33) -> 278.82997 | V33: =SUMIFS([1]raw_data!R:R,[1]raw_data!$A:$A,$B33) -> 1.51729 | W33: =SUMIFS([1]raw_data!S:S,[1]raw_data!$A:$A,$B33) -> 343.45012 | X33: =SUMIFS([1]raw_data!T:T,[1]raw_data!$A:$A,$B33) -> 0.57356077 | Y33: =SUMIFS([1]raw_data!U:U,[1]raw_data!$A:$A,$B33) -> 108.27496 | Z33: =SUMIFS([1]raw_data!V:V,[1]raw_data!$A:$A,$B33) -> 0.3880597 | AA33: =(I33+M33+Q33+U33+Y33)/5 -> 229.14272
B34: 036002 | C34: LIBERTY | D34: HAMBLIN | E34: Battle Creek | F34: =IFERROR(INDEX([1]raw_data!B:B,MATCH('SAIDI excl MEDs sort (5-yr avg)'!B58,[1]raw_data!A:A,0)),0) -> 651.6 | G34: =SUMIFS([1]raw_data!C:C,[1]raw_data!$A:$A,$B34) -> 298.47822 | H34: =SUMIFS([1]raw_data!D:D,[1]raw_data!$A:$A,$B34) -> 1.4967427 | I34: =SUMIFS([1]raw_data!E:E,[1]raw_data!$A:$A,$B34) -> 118.30961 | J34: =SUMIFS([1]raw_data!F:F,[1]raw_data!$A:$A,$B34) -> 1.0602606 | K34: =SUMIFS([1]raw_data!G:G,[1]raw_data!$A:$A,$B34) -> 1902.4655 | L34: =SUMIFS([1]raw_data!H:H,[1]raw_data!$A:$A,$B34) -> 2.35313 | M34: =SUMIFS([1]raw_data!I:I,[1]raw_data!$A:$A,$B34) -> 196.85104 | N34: =SUMIFS([1]raw_data!J:J,[1]raw_data!$A:$A,$B34) -> 0.92616372 | O34: =SUMIFS([1]raw_data!K:K,[1]raw_data!$A:$A,$B34) -> 105.18032 | P34: =SUMIFS([1]raw_data!L:L,[1]raw_data!$A:$A,$B34) -> 0.24 | Q34: =SUMIFS([1]raw_data!M:M,[1]raw_data!$A:$A,$B34) -> 51.547413 | R34: =SUMIFS([1]raw_data!N:N,[1]raw_data!$A:$A,$B34) -> 0.2 | S34: =SUMIFS([1]raw_data!O:O,[1]raw_data!$A:$A,$B34) -> 1581.6805 | T34: =SUMIFS([1]raw_data!P:P,[1]raw_data!$A:$A,$B34) -> 1.9424084 | U34: =SUMIFS([1]raw_data!Q:Q,[1]raw_data!$A:$A,$B34) -> 262.40267 | V34: =SUMIFS([1]raw_data!R:R,[1]raw_data!$A:$A,$B34) -> 1.5951134 | W34: =SUMIFS([1]raw_data!S:S,[1]raw_data!$A:$A,$B34) -> 540.64734 | X34: =SUMIFS([1]raw_data!T:T,[1]raw_data!$A:$A,$B34) -> 2.222973 | Y34: =SUMIFS([1]raw_data!U:U,[1]raw_data!$A:$A,$B34) -> 497.15257 | Z34: =SUMIFS([1]raw_data!V:V,[1]raw_data!$A:$A,$B34) -> 1.7905405 | AA34: =(I34+M34+Q34+U34+Y34)/5 -> 225.25266
B35: 049203 | C35: HASKELITE | D35: ANN STREET | E35: Grand Rapids | F35: =IFERROR(INDEX([1]raw_data!B:B,MATCH('SAIDI excl MEDs sort (5-yr avg)'!B13,[1]raw_data!A:A,0)),0) -> 189.11111 | G35: =SUMIFS([1]raw_data!C:C,[1]raw_data!$A:$A,$B35) -> 371.61435 | H35: =SUMIFS([1]raw_data!D:D,[1]raw_data!$A:$A,$B35) -> 2.5716487 | I35: =SUMIFS([1]raw_data!E:E,[1]raw_data!$A:$A,$B35) -> 371.51651 | J35: =SUMIFS([1]raw_data!F:F,[1]raw_data!$A:$A,$B35) -> 2.5701079 | K35: =SUMIFS([1]raw_data!G:G,[1]raw_data!$A:$A,$B35) -> 432.03947 | L35: =SUMIFS([1]raw_data!H:H,[1]raw_data!$A:$A,$B35) -> 6.3387358 | M35: =SUMIFS([1]raw_data!I:I,[1]raw_data!$A:$A,$B35) -> 432.03947 | N35: =SUMIFS([1]raw_data!J:J,[1]raw_data!$A:$A,$B35) -> 6.3387358 | O35: =SUMIFS([1]raw_data!K:K,[1]raw_data!$A:$A,$B35) -> 1454.5516 | P35: =SUMIFS([1]raw_data!L:L,[1]raw_data!$A:$A,$B35) -> 2.713355 | Q35: =SUMIFS([1]raw_data!M:M,[1]raw_data!$A:$A,$B35) -> 144.52451 | R35: =SUMIFS([1]raw_data!N:N,[1]raw_data!$A:$A,$B35) -> 1.4185668 | S35: =SUMIFS([1]raw_data!O:O,[1]raw_data!$A:$A,$B35) -> 771.49031 | T35: =SUMIFS([1]raw_data!P:P,[1]raw_data!$A:$A,$B35) -> 2.7517434 | U35: =SUMIFS([1]raw_data!Q:Q,[1]raw_data!$A:$A,$B35) -> 169.23026 | V35: =SUMIFS([1]raw_data!R:R,[1]raw_data!$A:$A,$B35) -> 1.6066946 | W35: =SUMIFS([1]raw_data!S:S,[1]raw_data!$A:$A,$B35) -> 526.32085 | X35: =SUMIFS([1]raw_data!T:T,[1]raw_data!$A:$A,$B35) -> 0.67125 | Y35: =SUMIFS([1]raw_data!U:U,[1]raw_data!$A:$A,$B35) -> 8.893812 | Z35: =SUMIFS([1]raw_data!V:V,[1]raw_data!$A:$A,$B35) -> 0.05375 | AA35: =(I35+M35+Q35+U35+Y35)/5 -> 225.24091
B36: 010003 | C36: WEALTHY STREET | D36: LOGAN | E36: Grand Rapids | F36: =IFERROR(INDEX([1]raw_data!B:B,MATCH('SAIDI excl MEDs sort (5-yr avg)'!B40,[1]raw_data!A:A,0)),0) -> 776.11111 | G36: =SUMIFS([1]raw_data!C:C,[1]raw_data!$A:$A,$B36) -> 178.91997 | H36: =SUMIFS([1]raw_data!D:D,[1]raw_data!$A:$A,$B36) -> 1.0380334 | I36: =SUMIFS([1]raw_data!E:E,[1]raw_data!$A:$A,$B36) -> 178.91997 | J36: =SUMIFS([1]raw_data!F:F,[1]raw_data!$A:$A,$B36) -> 1.0380334 | K36: =SUMIFS([1]raw_data!G:G,[1]raw_data!$A:$A,$B36) -> 638.49036 | L36: =SUMIFS([1]raw_data!H:H,[1]raw_data!$A:$A,$B36) -> 2.0253411 | M36: =SUMIFS([1]raw_data!I:I,[1]raw_data!$A:$A,$B36) -> 636.81327 | N36: =SUMIFS([1]raw_data!J:J,[1]raw_data!$A:$A,$B36) -> 2.0233918 | O36: =SUMIFS([1]raw_data!K:K,[1]raw_data!$A:$A,$B36) -> 154.49297 | P36: =SUMIFS([1]raw_data!L:L,[1]raw_data!$A:$A,$B36) -> 1.0253165 | Q36: =SUMIFS([1]raw_data!M:M,[1]raw_data!$A:$A,$B36) -> 154.49297 | R36: =SUMIFS([1]raw_data!N:N,[1]raw_data!$A:$A,$B36) -> 1.0253165 | S36: =SUMIFS([1]raw_data!O:O,[1]raw_data!$A:$A,$B36) -> 141.5696 | T36: =SUMIFS([1]raw_data!P:P,[1]raw_data!$A:$A,$B36) -> 1.0048876 | U36: =SUMIFS([1]raw_data!Q:Q,[1]raw_data!$A:$A,$B36) -> 141.5696 | V36: =SUMIFS([1]raw_data!R:R,[1]raw_data!$A:$A,$B36) -> 1.0048876 | W36: =SUMIFS([1]raw_data!S:S,[1]raw_data!$A:$A,$B36) -> 3.5635 | X36: =SUMIFS([1]raw_data!T:T,[1]raw_data!$A:$A,$B36) -> 0.028815368 | Y36: =SUMIFS([1]raw_data!U:U,[1]raw_data!$A:$A,$B36) -> 3.5635 | Z36: =SUMIFS([1]raw_data!V:V,[1]raw_data!$A:$A,$B36) -> 0.028815368 | AA36: =(I36+M36+Q36+U36+Y36)/5 -> 223.07186
B37: 028902 | C37: MILLER ROAD | D37: YALE STREET | E37: Flint | F37: =IFERROR(INDEX([1]raw_data!B:B,MATCH('SAIDI excl MEDs sort (5-yr avg)'!B6,[1]raw_data!A:A,0)),0) -> 320.2 | G37: =SUMIFS([1]raw_data!C:C,[1]raw_data!$A:$A,$B37) -> 809.63929 | H37: =SUMIFS([1]raw_data!D:D,[1]raw_data!$A:$A,$B37) -> 1.1122642 | I37: =SUMIFS([1]raw_data!E:E,[1]raw_data!$A:$A,$B37) -> 767.6696 | J37: =SUMIFS([1]raw_data!F:F,[1]raw_data!$A:$A,$B37) -> 1.0924528 | K37: =SUMIFS([1]raw_data!G:G,[1]raw_data!$A:$A,$B37) -> 73.691917 | L37: =SUMIFS([1]raw_data!H:H,[1]raw_data!$A:$A,$B37) -> 0.15813528 | M37: =SUMIFS([1]raw_data!I:I,[1]raw_data!$A:$A,$B37) -> 42.336726 | N37: =SUMIFS([1]raw_data!J:J,[1]raw_data!$A:$A,$B37) -> 0.12248629 | O37: =SUMIFS([1]raw_data!K:K,[1]raw_data!$A:$A,$B37) -> 71.744871 | P37: =SUMIFS([1]raw_data!L:L,[1]raw_data!$A:$A,$B37) -> 0.27014652 | Q37: =SUMIFS([1]raw_data!M:M,[1]raw_data!$A:$A,$B37) -> 43.205204 | R37: =SUMIFS([1]raw_data!N:N,[1]raw_data!$A:$A,$B37) -> 0.19047619 | S37: =SUMIFS([1]raw_data!O:O,[1]raw_data!$A:$A,$B37) -> 83.923342 | T37: =SUMIFS([1]raw_data!P:P,[1]raw_data!$A:$A,$B37) -> 0.40810556 | U37: =SUMIFS([1]raw_data!Q:Q,[1]raw_data!$A:$A,$B37) -> 83.923342 | V37: =SUMIFS([1]raw_data!R:R,[1]raw_data!$A:$A,$B37) -> 0.40810556 | W37: =SUMIFS([1]raw_data!S:S,[1]raw_data!$A:$A,$B37) -> 108.71189 | X37: =SUMIFS([1]raw_data!T:T,[1]raw_data!$A:$A,$B37) -> 0.3747698 | Y37: =SUMIFS([1]raw_data!U:U,[1]raw_data!$A:$A,$B37) -> 107.61728 | Z37: =SUMIFS([1]raw_data!V:V,[1]raw_data!$A:$A,$B37) -> 0.37384899 | AA37: =(I37+M37+Q37+U37+Y37)/5 -> 208.95043
B38: 003901 | C38: MAUMEE | D38: MAPLE ST | E38: Adrian | F38: =IFERROR(INDEX([1]raw_data!B:B,MATCH('SAIDI excl MEDs sort (5-yr avg)'!B43,[1]raw_data!A:A,0)),0) -> 1018.1429 | G38: =SUMIFS([1]raw_data!C:C,[1]raw_data!$A:$A,$B38) -> 2342.7304 | H38: =SUMIFS([1]raw_data!D:D,[1]raw_data!$A:$A,$B38) -> 2.1749137 | I38: =SUMIFS([1]raw_data!E:E,[1]raw_data!$A:$A,$B38) -> 160.19562 | J38: =SUMIFS([1]raw_data!F:F,[1]raw_data!$A:$A,$B38) -> 1.1864212 | K38: =SUMIFS([1]raw_data!G:G,[1]raw_data!$A:$A,$B38) -> 144.38391 | L38: =SUMIFS([1]raw_data!H:H,[1]raw_data!$A:$A,$B38) -> 0.64343318 | M38: =SUMIFS([1]raw_data!I:I,[1]raw_data!$A:$A,$B38) -> 75.302671 | N38: =SUMIFS([1]raw_data!J:J,[1]raw_data!$A:$A,$B38) -> 0.62384793 | O38: =SUMIFS([1]raw_data!K:K,[1]raw_data!$A:$A,$B38) -> 2143.7532 | P38: =SUMIFS([1]raw_data!L:L,[1]raw_data!$A:$A,$B38) -> 1.2723112 | Q38: =SUMIFS([1]raw_data!M:M,[1]raw_data!$A:$A,$B38) -> 78.417467 | R38: =SUMIFS([1]raw_data!N:N,[1]raw_data!$A:$A,$B38) -> 0.33237986 | S38: =SUMIFS([1]raw_data!O:O,[1]raw_data!$A:$A,$B38) -> 439.32337 | T38: =SUMIFS([1]raw_data!P:P,[1]raw_data!$A:$A,$B38) -> 3.1780186 | U38: =SUMIFS([1]raw_data!Q:Q,[1]raw_data!$A:$A,$B38) -> 425.32118 | V38: =SUMIFS([1]raw_data!R:R,[1]raw_data!$A:$A,$B38) -> 3.1341589 | W38: =SUMIFS([1]raw_data!S:S,[1]raw_data!$A:$A,$B38) -> 311.86291 | X38: =SUMIFS([1]raw_data!T:T,[1]raw_data!$A:$A,$B38) -> 1.3655674 | Y38: =SUMIFS([1]raw_data!U:U,[1]raw_data!$A:$A,$B38) -> 302.95351 | Z38: =SUMIFS([1]raw_data!V:V,[1]raw_data!$A:$A,$B38) -> 1.3482392 | AA38: =(I38+M38+Q38+U38+Y38)/5 -> 208.43809
B39: 090301 | C39: LEE STREET | D39: BLACK HILLS | E39: Grand Rapids | F39: =IFERROR(INDEX([1]raw_data!B:B,MATCH('SAIDI excl MEDs sort (5-yr avg)'!B26,[1]raw_data!A:A,0)),0) -> 1511.8 | G39: =SUMIFS([1]raw_data!C:C,[1]raw_data!$A:$A,$B39) -> 248.72991 | H39: =SUMIFS([1]raw_data!D:D,[1]raw_data!$A:$A,$B39) -> 1.6716418 | I39: =SUMIFS([1]raw_data!E:E,[1]raw_data!$A:$A,$B39) -> 248.72991 | J39: =SUMIFS([1]raw_data!F:F,[1]raw_data!$A:$A,$B39) -> 1.6716418 | K39: =SUMIFS([1]raw_data!G:G,[1]raw_data!$A:$A,$B39) -> 749.26773 | L39: =SUMIFS([1]raw_data!H:H,[1]raw_data!$A:$A,$B39) -> 1.056338 | M39: =SUMIFS([1]raw_data!I:I,[1]raw_data!$A:$A,$B39) -> 749.26773 | N39: =SUMIFS([1]raw_data!J:J,[1]raw_data!$A:$A,$B39) -> 1.056338 | O39: =SUMIFS([1]raw_data!K:K,[1]raw_data!$A:$A,$B39) -> 9.731454 | P39: =SUMIFS([1]raw_data!L:L,[1]raw_data!$A:$A,$B39) -> 0.056338028 | Q39: =SUMIFS([1]raw_data!M:M,[1]raw_data!$A:$A,$B39) -> 8.884976 | R39: =SUMIFS([1]raw_data!N:N,[1]raw_data!$A:$A,$B39) -> 0.042253521 | S39: =SUMIFS([1]raw_data!O:O,[1]raw_data!$A:$A,$B39) -> 1.880751 | T39: =SUMIFS([1]raw_data!P:P,[1]raw_data!$A:$A,$B39) -> 0.028169014 | U39: =SUMIFS([1]raw_data!Q:Q,[1]raw_data!$A:$A,$B39) -> 1.880751 | V39: =SUMIFS([1]raw_data!R:R,[1]raw_data!$A:$A,$B39) -> 0.028169014 | W39: =SUMIFS([1]raw_data!S:S,[1]raw_data!$A:$A,$B39) -> 8.320048 | X39: =SUMIFS([1]raw_data!T:T,[1]raw_data!$A:$A,$B39) -> 0.043478261 | Y39: =SUMIFS([1]raw_data!U:U,[1]raw_data!$A:$A,$B39) -> 8.320048 | Z39: =SUMIFS([1]raw_data!V:V,[1]raw_data!$A:$A,$B39) -> 0.043478261 | AA39: =(I39+M39+Q39+U39+Y39)/5 -> 203.41668
B40: 010007 | C40: WEALTHY STREET | D40: GODFREY | E40: Grand Rapids | F40: =IFERROR(INDEX([1]raw_data!B:B,MATCH('SAIDI excl MEDs sort (5-yr avg)'!B121,[1]raw_data!A:A,0)),0) -> 1757.6 | G40: =SUMIFS([1]raw_data!C:C,[1]raw_data!$A:$A,$B40) -> 30.099985 | H40: =SUMIFS([1]raw_data!D:D,[1]raw_data!$A:$A,$B40) -> 0.111665 | I40: =SUMIFS([1]raw_data!E:E,[1]raw_data!$A:$A,$B40) -> 18.608654 | J40: =SUMIFS([1]raw_data!F:F,[1]raw_data!$A:$A,$B40) -> 0.10169492 | K40: =SUMIFS([1]raw_data!G:G,[1]raw_data!$A:$A,$B40) -> 217.15978 | L40: =SUMIFS([1]raw_data!H:H,[1]raw_data!$A:$A,$B40) -> 2.4722222 | M40: =SUMIFS([1]raw_data!I:I,[1]raw_data!$A:$A,$B40) -> 213.00674 | N40: =SUMIFS([1]raw_data!J:J,[1]raw_data!$A:$A,$B40) -> 2.4412393 | O40: =SUMIFS([1]raw_data!K:K,[1]raw_data!$A:$A,$B40) -> 846.07511 | P40: =SUMIFS([1]raw_data!L:L,[1]raw_data!$A:$A,$B40) -> 1.2838323 | Q40: =SUMIFS([1]raw_data!M:M,[1]raw_data!$A:$A,$B40) -> 133.36573 | R40: =SUMIFS([1]raw_data!N:N,[1]raw_data!$A:$A,$B40) -> 1.1017964 | S40: =SUMIFS([1]raw_data!O:O,[1]raw_data!$A:$A,$B40) -> 162.15202 | T40: =SUMIFS([1]raw_data!P:P,[1]raw_data!$A:$A,$B40) -> 1.2435105 | U40: =SUMIFS([1]raw_data!Q:Q,[1]raw_data!$A:$A,$B40) -> 162.15202 | V40: =SUMIFS([1]raw_data!R:R,[1]raw_data!$A:$A,$B40) -> 1.2435105 | W40: =SUMIFS([1]raw_data!S:S,[1]raw_data!$A:$A,$B40) -> 574.3957 | X40: =SUMIFS([1]raw_data!T:T,[1]raw_data!$A:$A,$B40) -> 3.0923567 | Y40: =SUMIFS([1]raw_data!U:U,[1]raw_data!$A:$A,$B40) -> 482.99888 | Z40: =SUMIFS([1]raw_data!V:V,[1]raw_data!$A:$A,$B40) -> 2.9681529 | AA40: =(I40+M40+Q40+U40+Y40)/5 -> 202.0264
A41: Third Quartile | B41: 070802 | C41: MICHIGAN | D41: LOOKOUT | E41: Grand Rapids | F41: =IFERROR(INDEX([1]raw_data!B:B,MATCH('SAIDI excl MEDs sort (5-yr avg)'!B138,[1]raw_data!A:A,0)),0) -> 1921 | G41: =SUMIFS([1]raw_data!C:C,[1]raw_data!$A:$A,$B41) -> 10.77075 | H41: =SUMIFS([1]raw_data!D:D,[1]raw_data!$A:$A,$B41) -> 0.056350626 | I41: =SUMIFS([1]raw_data!E:E,[1]raw_data!$A:$A,$B41) -> 9.867262 | J41: =SUMIFS([1]raw_data!F:F,[1]raw_data!$A:$A,$B41) -> 0.055456172 | K41: =SUMIFS([1]raw_data!G:G,[1]raw_data!$A:$A,$B41) -> 395.04 | L41: =SUMIFS([1]raw_data!H:H,[1]raw_data!$A:$A,$B41) -> 0.49808795 | M41: =SUMIFS([1]raw_data!I:I,[1]raw_data!$A:$A,$B41) -> 49.360008 | N41: =SUMIFS([1]raw_data!J:J,[1]raw_data!$A:$A,$B41) -> 0.19024857 | O41: =SUMIFS([1]raw_data!K:K,[1]raw_data!$A:$A,$B41) -> 116.53115 | P41: =SUMIFS([1]raw_data!L:L,[1]raw_data!$A:$A,$B41) -> 0.24952562 | Q41: =SUMIFS([1]raw_data!M:M,[1]raw_data!$A:$A,$B41) -> 13.585594 | R41: =SUMIFS([1]raw_data!N:N,[1]raw_data!$A:$A,$B41) -> 0.18785579 | S41: =SUMIFS([1]raw_data!O:O,[1]raw_data!$A:$A,$B41) -> 751.58055 | T41: =SUMIFS([1]raw_data!P:P,[1]raw_data!$A:$A,$B41) -> 3.2374877 | U41: =SUMIFS([1]raw_data!Q:Q,[1]raw_data!$A:$A,$B41) -> 164.30832 | V41: =SUMIFS([1]raw_data!R:R,[1]raw_data!$A:$A,$B41) -> 2.1776251 | W41: =SUMIFS([1]raw_data!S:S,[1]raw_data!$A:$A,$B41) -> 1475.8388 | X41: =SUMIFS([1]raw_data!T:T,[1]raw_data!$A:$A,$B41) -> 1.8357843 | Y41: =SUMIFS([1]raw_data!U:U,[1]raw_data!$A:$A,$B41) -> 711.4279 | Z41: =SUMIFS([1]raw_data!V:V,[1]raw_data!$A:$A,$B41) -> 1.5661765 | AA41: =(I41+M41+Q41+U41+Y41)/5 -> 189.70982 | AC41: Muskegon | AD41: =COUNTIF(E41:E75,"Muskegon") -> 6
B42: 075702 | C42: MAPLE GROVE | D42: SUMMIT AVENUE | E42: Muskegon | F42: =IFERROR(INDEX([1]raw_data!B:B,MATCH('SAIDI excl MEDs sort (5-yr avg)'!B21,[1]raw_data!A:A,0)),0) -> 551 | G42: =SUMIFS([1]raw_data!C:C,[1]raw_data!$A:$A,$B42) -> 1048.9048 | H42: =SUMIFS([1]raw_data!D:D,[1]raw_data!$A:$A,$B42) -> 4.4356846 | I42: =SUMIFS([1]raw_data!E:E,[1]raw_data!$A:$A,$B42) -> 270.25655 | J42: =SUMIFS([1]raw_data!F:F,[1]raw_data!$A:$A,$B42) -> 3.3941909 | K42: =SUMIFS([1]raw_data!G:G,[1]raw_data!$A:$A,$B42) -> 409.02142 | L42: =SUMIFS([1]raw_data!H:H,[1]raw_data!$A:$A,$B42) -> 0.53061224 | M42: =SUMIFS([1]raw_data!I:I,[1]raw_data!$A:$A,$B42) -> 26.989559 | N42: =SUMIFS([1]raw_data!J:J,[1]raw_data!$A:$A,$B42) -> 0.10018553 | O42: =SUMIFS([1]raw_data!K:K,[1]raw_data!$A:$A,$B42) -> 131.77793 | P42: =SUMIFS([1]raw_data!L:L,[1]raw_data!$A:$A,$B42) -> 0.49208566 | Q42: =SUMIFS([1]raw_data!M:M,[1]raw_data!$A:$A,$B42) -> 68.937337 | R42: =SUMIFS([1]raw_data!N:N,[1]raw_data!$A:$A,$B42) -> 0.47811918 | S42: =SUMIFS([1]raw_data!O:O,[1]raw_data!$A:$A,$B42) -> 385.06124 | T42: =SUMIFS([1]raw_data!P:P,[1]raw_data!$A:$A,$B42) -> 2.8690365 | U42: =SUMIFS([1]raw_data!Q:Q,[1]raw_data!$A:$A,$B42) -> 308.40106 | V42: =SUMIFS([1]raw_data!R:R,[1]raw_data!$A:$A,$B42) -> 2.828812 | W42: =SUMIFS([1]raw_data!S:S,[1]raw_data!$A:$A,$B42) -> 289.29816 | X42: =SUMIFS([1]raw_data!T:T,[1]raw_data!$A:$A,$B42) -> 1.3432203 | Y42: =SUMIFS([1]raw_data!U:U,[1]raw_data!$A:$A,$B42) -> 267.8952 | Z42: =SUMIFS([1]raw_data!V:V,[1]raw_data!$A:$A,$B42) -> 1.2843691 | AA42: =(I42+M42+Q42+U42+Y42)/5 -> 188.49594 | AC42: Jackson | AD42: =COUNTIF(E41:E75,"Jackson") -> 2
B43: 090101 | C43: WAGER | D43: FLINT PARK | E43: Flint | F43: =IFERROR(INDEX([1]raw_data!B:B,MATCH('SAIDI excl MEDs sort (5-yr avg)'!B10,[1]raw_data!A:A,0)),0) -> 1213.4 | G43: =SUMIFS([1]raw_data!C:C,[1]raw_data!$A:$A,$B43) -> 0 | H43: =SUMIFS([1]raw_data!D:D,[1]raw_data!$A:$A,$B43) -> 0 | I43: =SUMIFS([1]raw_data!E:E,[1]raw_data!$A:$A,$B43) -> 0 | J43: =SUMIFS([1]raw_data!F:F,[1]raw_data!$A:$A,$B43) -> 0 | K43: =SUMIFS([1]raw_data!G:G,[1]raw_data!$A:$A,$B43) -> 12.553623 | L43: =SUMIFS([1]raw_data!H:H,[1]raw_data!$A:$A,$B43) -> 0.096933729 | M43: =SUMIFS([1]raw_data!I:I,[1]raw_data!$A:$A,$B43) -> 12.553623 | N43: =SUMIFS([1]raw_data!J:J,[1]raw_data!$A:$A,$B43) -> 0.096933729 | O43: =SUMIFS([1]raw_data!K:K,[1]raw_data!$A:$A,$B43) -> 841.91647 | P43: =SUMIFS([1]raw_data!L:L,[1]raw_data!$A:$A,$B43) -> 1.3498024 | Q43: =SUMIFS([1]raw_data!M:M,[1]raw_data!$A:$A,$B43) -> 336.91172 | R43: =SUMIFS([1]raw_data!N:N,[1]raw_data!$A:$A,$B43) -> 0.66501976 | S43: =SUMIFS([1]raw_data!O:O,[1]raw_data!$A:$A,$B43) -> 467.4217 | T43: =SUMIFS([1]raw_data!P:P,[1]raw_data!$A:$A,$B43) -> 1.677451 | U43: =SUMIFS([1]raw_data!Q:Q,[1]raw_data!$A:$A,$B43) -> 166.81905 | V43: =SUMIFS([1]raw_data!R:R,[1]raw_data!$A:$A,$B43) -> 1.3519608 | W43: =SUMIFS([1]raw_data!S:S,[1]raw_data!$A:$A,$B43) -> 612.37649 | X43: =SUMIFS([1]raw_data!T:T,[1]raw_data!$A:$A,$B43) -> 1.4746589 | Y43: =SUMIFS([1]raw_data!U:U,[1]raw_data!$A:$A,$B43) -> 425.77909 | Z43: =SUMIFS([1]raw_data!V:V,[1]raw_data!$A:$A,$B43) -> 1.3976608 | AA43: =(I43+M43+Q43+U43+Y43)/5 -> 188.4127 | AC43: Adrian | AD43: =COUNTIF(E41:E75,"Adrian") -> 1
B44: 052302 | C44: WOOD STREET | D44: MASON | E44: Flint | F44: =IFERROR(INDEX([1]raw_data!B:B,MATCH('SAIDI excl MEDs sort (5-yr avg)'!B97,[1]raw_data!A:A,0)),0) -> 561.66667 | G44: =SUMIFS([1]raw_data!C:C,[1]raw_data!$A:$A,$B44) -> 50.901814 | H44: =SUMIFS([1]raw_data!D:D,[1]raw_data!$A:$A,$B44) -> 1.3777778 | I44: =SUMIFS([1]raw_data!E:E,[1]raw_data!$A:$A,$B44) -> 47.139909 | J44: =SUMIFS([1]raw_data!F:F,[1]raw_data!$A:$A,$B44) -> 1.3703704 | K44: =SUMIFS([1]raw_data!G:G,[1]raw_data!$A:$A,$B44) -> 785.49385 | L44: =SUMIFS([1]raw_data!H:H,[1]raw_data!$A:$A,$B44) -> 2.704 | M44: =SUMIFS([1]raw_data!I:I,[1]raw_data!$A:$A,$B44) -> 534.26578 | N44: =SUMIFS([1]raw_data!J:J,[1]raw_data!$A:$A,$B44) -> 2.0896 | O44: =SUMIFS([1]raw_data!K:K,[1]raw_data!$A:$A,$B44) -> 90.799388 | P44: =SUMIFS([1]raw_data!L:L,[1]raw_data!$A:$A,$B44) -> 0.22169059 | Q44: =SUMIFS([1]raw_data!M:M,[1]raw_data!$A:$A,$B44) -> 79.853296 | R44: =SUMIFS([1]raw_data!N:N,[1]raw_data!$A:$A,$B44) -> 0.20893142 | S44: =SUMIFS([1]raw_data!O:O,[1]raw_data!$A:$A,$B44) -> 106.89029 | T44: =SUMIFS([1]raw_data!P:P,[1]raw_data!$A:$A,$B44) -> 1.176565 | U44: =SUMIFS([1]raw_data!Q:Q,[1]raw_data!$A:$A,$B44) -> 57.344622 | V44: =SUMIFS([1]raw_data!R:R,[1]raw_data!$A:$A,$B44) -> 0.15248796 | W44: =SUMIFS([1]raw_data!S:S,[1]raw_data!$A:$A,$B44) -> 225.79337 | X44: =SUMIFS([1]raw_data!T:T,[1]raw_data!$A:$A,$B44) -> 2.201278 | Y44: =SUMIFS([1]raw_data!U:U,[1]raw_data!$A:$A,$B44) -> 214.12045 | Z44: =SUMIFS([1]raw_data!V:V,[1]raw_data!$A:$A,$B44) -> 2.1645367 | AA44: =(I44+M44+Q44+U44+Y44)/5 -> 186.54481 | AC44: Battle Creek | AD44: =COUNTIF(E41:E75,"Battle Creek") -> 1
B45: 006403 | C45: BEECHER | D45: ANDERSON | E45: Adrian | F45: =IFERROR(INDEX([1]raw_data!B:B,MATCH('SAIDI excl MEDs sort (5-yr avg)'!B64,[1]raw_data!A:A,0)),0) -> 1067.4 | G45: =SUMIFS([1]raw_data!C:C,[1]raw_data!$A:$A,$B45) -> 321.18408 | H45: =SUMIFS([1]raw_data!D:D,[1]raw_data!$A:$A,$B45) -> 0.54536772 | I45: =SUMIFS([1]raw_data!E:E,[1]raw_data!$A:$A,$B45) -> 105.92226 | J45: =SUMIFS([1]raw_data!F:F,[1]raw_data!$A:$A,$B45) -> 0.44317096 | K45: =SUMIFS([1]raw_data!G:G,[1]raw_data!$A:$A,$B45) -> 153.20787 | L45: =SUMIFS([1]raw_data!H:H,[1]raw_data!$A:$A,$B45) -> 3.1434034 | M45: =SUMIFS([1]raw_data!I:I,[1]raw_data!$A:$A,$B45) -> 125.70417 | N45: =SUMIFS([1]raw_data!J:J,[1]raw_data!$A:$A,$B45) -> 2.1300191 | O45: =SUMIFS([1]raw_data!K:K,[1]raw_data!$A:$A,$B45) -> 4.698699 | P45: =SUMIFS([1]raw_data!L:L,[1]raw_data!$A:$A,$B45) -> 0.081826832 | Q45: =SUMIFS([1]raw_data!M:M,[1]raw_data!$A:$A,$B45) -> 4.698699 | R45: =SUMIFS([1]raw_data!N:N,[1]raw_data!$A:$A,$B45) -> 0.081826832 | S45: =SUMIFS([1]raw_data!O:O,[1]raw_data!$A:$A,$B45) -> 145.69427 | T45: =SUMIFS([1]raw_data!P:P,[1]raw_data!$A:$A,$B45) -> 1.2118644 | U45: =SUMIFS([1]raw_data!Q:Q,[1]raw_data!$A:$A,$B45) -> 145.69427 | V45: =SUMIFS([1]raw_data!R:R,[1]raw_data!$A:$A,$B45) -> 1.2118644 | W45: =SUMIFS([1]raw_data!S:S,[1]raw_data!$A:$A,$B45) -> 543.74018 | X45: =SUMIFS([1]raw_data!T:T,[1]raw_data!$A:$A,$B45) -> 1.1564501 | Y45: =SUMIFS([1]raw_data!U:U,[1]raw_data!$A:$A,$B45) -> 543.74018 | Z45: =SUMIFS([1]raw_data!V:V,[1]raw_data!$A:$A,$B45) -> 1.1564501 | AA45: =(I45+M45+Q45+U45+Y45)/5 -> 185.15192 | AC45: Kalamazoo | AD45: =COUNTIF(E41:E75,"Kalamazoo") -> 4
B46: 106602 | C46: ALDRICH | D46: MUNICIPAL | E46: Flint | F46: =IFERROR(INDEX([1]raw_data!B:B,MATCH('SAIDI excl MEDs sort (5-yr avg)'!B191,[1]raw_data!A:A,0)),0) -> 0 | G46: =SUMIFS([1]raw_data!C:C,[1]raw_data!$A:$A,$B46) -> 0 | H46: =SUMIFS([1]raw_data!D:D,[1]raw_data!$A:$A,$B46) -> 0 | I46: =SUMIFS([1]raw_data!E:E,[1]raw_data!$A:$A,$B46) -> 0 | J46: =SUMIFS([1]raw_data!F:F,[1]raw_data!$A:$A,$B46) -> 0 | K46: =SUMIFS([1]raw_data!G:G,[1]raw_data!$A:$A,$B46) -> 0 | L46: =SUMIFS([1]raw_data!H:H,[1]raw_data!$A:$A,$B46) -> 0 | M46: =SUMIFS([1]raw_data!I:I,[1]raw_data!$A:$A,$B46) -> 0 | N46: =SUMIFS([1]raw_data!J:J,[1]raw_data!$A:$A,$B46) -> 0 | O46: =SUMIFS([1]raw_data!K:K,[1]raw_data!$A:$A,$B46) -> 915.52018 | P46: =SUMIFS([1]raw_data!L:L,[1]raw_data!$A:$A,$B46) -> 4.4555556 | Q46: =SUMIFS([1]raw_data!M:M,[1]raw_data!$A:$A,$B46) -> 915.52018 | R46: =SUMIFS([1]raw_data!N:N,[1]raw_data!$A:$A,$B46) -> 4.4555556 | S46: =SUMIFS([1]raw_data!O:O,[1]raw_data!$A:$A,$B46) -> 1.383146 | T46: =SUMIFS([1]raw_data!P:P,[1]raw_data!$A:$A,$B46) -> 0.011235955 | U46: =SUMIFS([1]raw_data!Q:Q,[1]raw_data!$A:$A,$B46) -> 1.383146 | V46: =SUMIFS([1]raw_data!R:R,[1]raw_data!$A:$A,$B46) -> 0.011235955 | W46: =SUMIFS([1]raw_data!S:S,[1]raw_data!$A:$A,$B46) -> 0 | X46: =SUMIFS([1]raw_data!T:T,[1]raw_data!$A:$A,$B46) -> 0 | Y46: =SUMIFS([1]raw_data!U:U,[1]raw_data!$A:$A,$B46) -> 0 | Z46: =SUMIFS([1]raw_data!V:V,[1]raw_data!$A:$A,$B46) -> 0 | AA46: =(I46+M46+Q46+U46+Y46)/5 -> 183.38067 | AC46: Flint | AD46: =COUNTIF(E41:E75,"Flint") -> 11
B47: 049205 | C47: HASKELITE | D47: FISHER BODY | E47: Grand Rapids | F47: =IFERROR(INDEX([1]raw_data!B:B,MATCH('SAIDI excl MEDs sort (5-yr avg)'!B18,[1]raw_data!A:A,0)),0) -> 111 | G47: =SUMIFS([1]raw_data!C:C,[1]raw_data!$A:$A,$B47) -> 779.11006 | H47: =SUMIFS([1]raw_data!D:D,[1]raw_data!$A:$A,$B47) -> 1.2688172 | I47: =SUMIFS([1]raw_data!E:E,[1]raw_data!$A:$A,$B47) -> 299.74388 | J47: =SUMIFS([1]raw_data!F:F,[1]raw_data!$A:$A,$B47) -> 0.82795699 | K47: =SUMIFS([1]raw_data!G:G,[1]raw_data!$A:$A,$B47) -> 38.893259 | L47: =SUMIFS([1]raw_data!H:H,[1]raw_data!$A:$A,$B47) -> 0.085106383 | M47: =SUMIFS([1]raw_data!I:I,[1]raw_data!$A:$A,$B47) -> 38.893259 | N47: =SUMIFS([1]raw_data!J:J,[1]raw_data!$A:$A,$B47) -> 0.085106383 | O47: =SUMIFS([1]raw_data!K:K,[1]raw_data!$A:$A,$B47) -> 59.027597 | P47: =SUMIFS([1]raw_data!L:L,[1]raw_data!$A:$A,$B47) -> 0.46236559 | Q47: =SUMIFS([1]raw_data!M:M,[1]raw_data!$A:$A,$B47) -> 36.155017 | R47: =SUMIFS([1]raw_data!N:N,[1]raw_data!$A:$A,$B47) -> 0.4516129 | S47: =SUMIFS([1]raw_data!O:O,[1]raw_data!$A:$A,$B47) -> 1112.6755 | T47: =SUMIFS([1]raw_data!P:P,[1]raw_data!$A:$A,$B47) -> 1.1868132 | U47: =SUMIFS([1]raw_data!Q:Q,[1]raw_data!$A:$A,$B47) -> 84.855311 | V47: =SUMIFS([1]raw_data!R:R,[1]raw_data!$A:$A,$B47) -> 0.84615385 | W47: =SUMIFS([1]raw_data!S:S,[1]raw_data!$A:$A,$B47) -> 436.78242 | X47: =SUMIFS([1]raw_data!T:T,[1]raw_data!$A:$A,$B47) -> 2.0879121 | Y47: =SUMIFS([1]raw_data!U:U,[1]raw_data!$A:$A,$B47) -> 436.78242 | Z47: =SUMIFS([1]raw_data!V:V,[1]raw_data!$A:$A,$B47) -> 2.0879121 | AA47: =(I47+M47+Q47+U47+Y47)/5 -> 179.28598 | AC47: Grand Rapids | AD47: =COUNTIF(E41:E75,"Grand Rapids") -> 10
B48: 018101 | C48: ATHERTON | D48: HEMPHILL | E48: Flint | F48: =IFERROR(INDEX([1]raw_data!B:B,MATCH('SAIDI excl MEDs sort (5-yr avg)'!B4,[1]raw_data!A:A,0)),0) -> 938.5 | G48: =SUMIFS([1]raw_data!C:C,[1]raw_data!$A:$A,$B48) -> 484.23518 | H48: =SUMIFS([1]raw_data!D:D,[1]raw_data!$A:$A,$B48) -> 2.2169014 | I48: =SUMIFS([1]raw_data!E:E,[1]raw_data!$A:$A,$B48) -> 44.702789 | J48: =SUMIFS([1]raw_data!F:F,[1]raw_data!$A:$A,$B48) -> 0.21126761 | K48: =SUMIFS([1]raw_data!G:G,[1]raw_data!$A:$A,$B48) -> 300.95834 | L48: =SUMIFS([1]raw_data!H:H,[1]raw_data!$A:$A,$B48) -> 3.875 | M48: =SUMIFS([1]raw_data!I:I,[1]raw_data!$A:$A,$B48) -> 300.95834 | N48: =SUMIFS([1]raw_data!J:J,[1]raw_data!$A:$A,$B48) -> 3.875 | O48: =SUMIFS([1]raw_data!K:K,[1]raw_data!$A:$A,$B48) -> 371.83713 | P48: =SUMIFS([1]raw_data!L:L,[1]raw_data!$A:$A,$B48) -> 1.1937407 | Q48: =SUMIFS([1]raw_data!M:M,[1]raw_data!$A:$A,$B48) -> 371.83713 | R48: =SUMIFS([1]raw_data!N:N,[1]raw_data!$A:$A,$B48) -> 1.1937407 | S48: =SUMIFS([1]raw_data!O:O,[1]raw_data!$A:$A,$B48) -> 3.119584 | T48: =SUMIFS([1]raw_data!P:P,[1]raw_data!$A:$A,$B48) -> 0.017350158 | U48: =SUMIFS([1]raw_data!Q:Q,[1]raw_data!$A:$A,$B48) -> 3.119584 | V48: =SUMIFS([1]raw_data!R:R,[1]raw_data!$A:$A,$B48) -> 0.017350158 | W48: =SUMIFS([1]raw_data!S:S,[1]raw_data!$A:$A,$B48) -> 764.22811 | X48: =SUMIFS([1]raw_data!T:T,[1]raw_data!$A:$A,$B48) -> 1.091354 | Y48: =SUMIFS([1]raw_data!U:U,[1]raw_data!$A:$A,$B48) -> 169.5845 | Z48: =SUMIFS([1]raw_data!V:V,[1]raw_data!$A:$A,$B48) -> 0.85807504 | AA48: =(I48+M48+Q48+U48+Y48)/5 -> 178.04047
B49: 041302 | C49: TERRACE | D49: MALL | E49: Muskegon | F49: =IFERROR(INDEX([1]raw_data!B:B,MATCH('SAIDI excl MEDs sort (5-yr avg)'!B9,[1]raw_data!A:A,0)),0) -> 229.25 | G49: =SUMIFS([1]raw_data!C:C,[1]raw_data!$A:$A,$B49) -> 558.45087 | H49: =SUMIFS([1]raw_data!D:D,[1]raw_data!$A:$A,$B49) -> 2.1626794 | I49: =SUMIFS([1]raw_data!E:E,[1]raw_data!$A:$A,$B49) -> 557.31227 | J49: =SUMIFS([1]raw_data!F:F,[1]raw_data!$A:$A,$B49) -> 2.1617225 | K49: =SUMIFS([1]raw_data!G:G,[1]raw_data!$A:$A,$B49) -> 2.843558 | L49: =SUMIFS([1]raw_data!H:H,[1]raw_data!$A:$A,$B49) -> 0.077151335 | M49: =SUMIFS([1]raw_data!I:I,[1]raw_data!$A:$A,$B49) -> 2.843558 | N49: =SUMIFS([1]raw_data!J:J,[1]raw_data!$A:$A,$B49) -> 0.077151335 | O49: =SUMIFS([1]raw_data!K:K,[1]raw_data!$A:$A,$B49) -> 272.27223 | P49: =SUMIFS([1]raw_data!L:L,[1]raw_data!$A:$A,$B49) -> 1.0538117 | Q49: =SUMIFS([1]raw_data!M:M,[1]raw_data!$A:$A,$B49) -> 261.87689 | R49: =SUMIFS([1]raw_data!N:N,[1]raw_data!$A:$A,$B49) -> 1.0246637 | S49: =SUMIFS([1]raw_data!O:O,[1]raw_data!$A:$A,$B49) -> 30.93447 | T49: =SUMIFS([1]raw_data!P:P,[1]raw_data!$A:$A,$B49) -> 0.24588235 | U49: =SUMIFS([1]raw_data!Q:Q,[1]raw_data!$A:$A,$B49) -> 27.08698 | V49: =SUMIFS([1]raw_data!R:R,[1]raw_data!$A:$A,$B49) -> 0.21529412 | W49: =SUMIFS([1]raw_data!S:S,[1]raw_data!$A:$A,$B49) -> 50.484995 | X49: =SUMIFS([1]raw_data!T:T,[1]raw_data!$A:$A,$B49) -> 0.2044335 | Y49: =SUMIFS([1]raw_data!U:U,[1]raw_data!$A:$A,$B49) -> 18.820053 | Z49: =SUMIFS([1]raw_data!V:V,[1]raw_data!$A:$A,$B49) -> 0.15147783 | AA49: =(I49+M49+Q49+U49+Y49)/5 -> 173.58795
B50: 032701 | C50: COMSTOCK | D50: SHIELDS | E50: Kalamazoo | F50: =IFERROR(INDEX([1]raw_data!B:B,MATCH('SAIDI excl MEDs sort (5-yr avg)'!B35,[1]raw_data!A:A,0)),0) -> 686.33333 | G50: =SUMIFS([1]raw_data!C:C,[1]raw_data!$A:$A,$B50) -> 5803.4099 | H50: =SUMIFS([1]raw_data!D:D,[1]raw_data!$A:$A,$B50) -> 6.4076539 | I50: =SUMIFS([1]raw_data!E:E,[1]raw_data!$A:$A,$B50) -> 184.03891 | J50: =SUMIFS([1]raw_data!F:F,[1]raw_data!$A:$A,$B50) -> 1.1331115 | K50: =SUMIFS([1]raw_data!G:G,[1]raw_data!$A:$A,$B50) -> 815.44029 | L50: =SUMIFS([1]raw_data!H:H,[1]raw_data!$A:$A,$B50) -> 1.925801 | M50: =SUMIFS([1]raw_data!I:I,[1]raw_data!$A:$A,$B50) -> 189.99126 | N50: =SUMIFS([1]raw_data!J:J,[1]raw_data!$A:$A,$B50) -> 1.346543 | O50: =SUMIFS([1]raw_data!K:K,[1]raw_data!$A:$A,$B50) -> 1033.277 | P50: =SUMIFS([1]raw_data!L:L,[1]raw_data!$A:$A,$B50) -> 2.3128162 | Q50: =SUMIFS([1]raw_data!M:M,[1]raw_data!$A:$A,$B50) -> 360.47392 | R50: =SUMIFS([1]raw_data!N:N,[1]raw_data!$A:$A,$B50) -> 0.80607083 | S50: =SUMIFS([1]raw_data!O:O,[1]raw_data!$A:$A,$B50) -> 26.020699 | T50: =SUMIFS([1]raw_data!P:P,[1]raw_data!$A:$A,$B50) -> 0.27993255 | U50: =SUMIFS([1]raw_data!Q:Q,[1]raw_data!$A:$A,$B50) -> 24.672892 | V50: =SUMIFS([1]raw_data!R:R,[1]raw_data!$A:$A,$B50) -> 0.27150084 | W50: =SUMIFS([1]raw_data!S:S,[1]raw_data!$A:$A,$B50) -> 102.9936 | X50: =SUMIFS([1]raw_data!T:T,[1]raw_data!$A:$A,$B50) -> 1.0820643 | Y50: =SUMIFS([1]raw_data!U:U,[1]raw_data!$A:$A,$B50) -> 102.9936 | Z50: =SUMIFS([1]raw_data!V:V,[1]raw_data!$A:$A,$B50) -> 1.0820643 | AA50: =(I50+M50+Q50+U50+Y50)/5 -> 172.43411
B51: 001903 | C51: ROBERTS STREET | D51: BENDER | E51: Jackson | F51: =IFERROR(INDEX([1]raw_data!B:B,MATCH('SAIDI excl MEDs sort (5-yr avg)'!B25,[1]raw_data!A:A,0)),0) -> 1544.5556 | G51: =SUMIFS([1]raw_data!C:C,[1]raw_data!$A:$A,$B51) -> 3646.7355 | H51: =SUMIFS([1]raw_data!D:D,[1]raw_data!$A:$A,$B51) -> 2.168357 | I51: =SUMIFS([1]raw_data!E:E,[1]raw_data!$A:$A,$B51) -> 256.82989 | J51: =SUMIFS([1]raw_data!F:F,[1]raw_data!$A:$A,$B51) -> 1.0486815 | K51: =SUMIFS([1]raw_data!G:G,[1]raw_data!$A:$A,$B51) -> 191.02836 | L51: =SUMIFS([1]raw_data!H:H,[1]raw_data!$A:$A,$B51) -> 1.2020408 | M51: =SUMIFS([1]raw_data!I:I,[1]raw_data!$A:$A,$B51) -> 184.7926 | N51: =SUMIFS([1]raw_data!J:J,[1]raw_data!$A:$A,$B51) -> 1.1959184 | O51: =SUMIFS([1]raw_data!K:K,[1]raw_data!$A:$A,$B51) -> 181.55434 | P51: =SUMIFS([1]raw_data!L:L,[1]raw_data!$A:$A,$B51) -> 0.20325203 | Q51: =SUMIFS([1]raw_data!M:M,[1]raw_data!$A:$A,$B51) -> 9.436856 | R51: =SUMIFS([1]raw_data!N:N,[1]raw_data!$A:$A,$B51) -> 0.17886179 | S51: =SUMIFS([1]raw_data!O:O,[1]raw_data!$A:$A,$B51) -> 463.89207 | T51: =SUMIFS([1]raw_data!P:P,[1]raw_data!$A:$A,$B51) -> 2.5506073 | U51: =SUMIFS([1]raw_data!Q:Q,[1]raw_data!$A:$A,$B51) -> 381.27395 | V51: =SUMIFS([1]raw_data!R:R,[1]raw_data!$A:$A,$B51) -> 2.4757085 | W51: =SUMIFS([1]raw_data!S:S,[1]raw_data!$A:$A,$B51) -> 25.25389 | X51: =SUMIFS([1]raw_data!T:T,[1]raw_data!$A:$A,$B51) -> 0.080578512 | Y51: =SUMIFS([1]raw_data!U:U,[1]raw_data!$A:$A,$B51) -> 6.607472 | Z51: =SUMIFS([1]raw_data!V:V,[1]raw_data!$A:$A,$B51) -> 0.066115702 | AA51: =(I51+M51+Q51+U51+Y51)/5 -> 167.78816
B52: 024103 | C52: DOEHLER JARVIS | D52: JEFFERSON | E52: Grand Rapids | F52: =IFERROR(INDEX([1]raw_data!B:B,MATCH('SAIDI excl MEDs sort (5-yr avg)'!B16,[1]raw_data!A:A,0)),0) -> 967.4 | G52: =SUMIFS([1]raw_data!C:C,[1]raw_data!$A:$A,$B52) -> 315.97688 | H52: =SUMIFS([1]raw_data!D:D,[1]raw_data!$A:$A,$B52) -> 2.3029077 | I52: =SUMIFS([1]raw_data!E:E,[1]raw_data!$A:$A,$B52) -> 310.39579 | J52: =SUMIFS([1]raw_data!F:F,[1]raw_data!$A:$A,$B52) -> 2.2932996 | K52: =SUMIFS([1]raw_data!G:G,[1]raw_data!$A:$A,$B52) -> 380.50484 | L52: =SUMIFS([1]raw_data!H:H,[1]raw_data!$A:$A,$B52) -> 2.210099 | M52: =SUMIFS([1]raw_data!I:I,[1]raw_data!$A:$A,$B52) -> 146.81165 | N52: =SUMIFS([1]raw_data!J:J,[1]raw_data!$A:$A,$B52) -> 1.5341284 | O52: =SUMIFS([1]raw_data!K:K,[1]raw_data!$A:$A,$B52) -> 80.19382 | P52: =SUMIFS([1]raw_data!L:L,[1]raw_data!$A:$A,$B52) -> 0.31592554 | Q52: =SUMIFS([1]raw_data!M:M,[1]raw_data!$A:$A,$B52) -> 25.173944 | R52: =SUMIFS([1]raw_data!N:N,[1]raw_data!$A:$A,$B52) -> 0.21509824 | S52: =SUMIFS([1]raw_data!O:O,[1]raw_data!$A:$A,$B52) -> 721.07454 | T52: =SUMIFS([1]raw_data!P:P,[1]raw_data!$A:$A,$B52) -> 1.7652288 | U52: =SUMIFS([1]raw_data!Q:Q,[1]raw_data!$A:$A,$B52) -> 166.65029 | V52: =SUMIFS([1]raw_data!R:R,[1]raw_data!$A:$A,$B52) -> 0.76575163 | W52: =SUMIFS([1]raw_data!S:S,[1]raw_data!$A:$A,$B52) -> 222.26678 | X52: =SUMIFS([1]raw_data!T:T,[1]raw_data!$A:$A,$B52) -> 3.2059765 | Y52: =SUMIFS([1]raw_data!U:U,[1]raw_data!$A:$A,$B52) -> 182.56384 | Z52: =SUMIFS([1]raw_data!V:V,[1]raw_data!$A:$A,$B52) -> 3.1848986 | AA52: =(I52+M52+Q52+U52+Y52)/5 -> 166.3191
B53: 061901 | C53: BROADWAY | D53: PHILLIPS | E53: Muskegon | F53: =IFERROR(INDEX([1]raw_data!B:B,MATCH('SAIDI excl MEDs sort (5-yr avg)'!B70,[1]raw_data!A:A,0)),0) -> 101 | G53: =SUMIFS([1]raw_data!C:C,[1]raw_data!$A:$A,$B53) -> 754.06667 | H53: =SUMIFS([1]raw_data!D:D,[1]raw_data!$A:$A,$B53) -> 1.5 | I53: =SUMIFS([1]raw_data!E:E,[1]raw_data!$A:$A,$B53) -> 91.480415 | J53: =SUMIFS([1]raw_data!F:F,[1]raw_data!$A:$A,$B53) -> 0.87669683 | K53: =SUMIFS([1]raw_data!G:G,[1]raw_data!$A:$A,$B53) -> 328.8606 | L53: =SUMIFS([1]raw_data!H:H,[1]raw_data!$A:$A,$B53) -> 1.9884326 | M53: =SUMIFS([1]raw_data!I:I,[1]raw_data!$A:$A,$B53) -> 325.74948 | N53: =SUMIFS([1]raw_data!J:J,[1]raw_data!$A:$A,$B53) -> 1.9774436 | O53: =SUMIFS([1]raw_data!K:K,[1]raw_data!$A:$A,$B53) -> 164.36518 | P53: =SUMIFS([1]raw_data!L:L,[1]raw_data!$A:$A,$B53) -> 0.54052478 | Q53: =SUMIFS([1]raw_data!M:M,[1]raw_data!$A:$A,$B53) -> 82.908862 | R53: =SUMIFS([1]raw_data!N:N,[1]raw_data!$A:$A,$B53) -> 0.44373178 | S53: =SUMIFS([1]raw_data!O:O,[1]raw_data!$A:$A,$B53) -> 141.21532 | T53: =SUMIFS([1]raw_data!P:P,[1]raw_data!$A:$A,$B53) -> 0.95100354 | U53: =SUMIFS([1]raw_data!Q:Q,[1]raw_data!$A:$A,$B53) -> 122.92591 | V53: =SUMIFS([1]raw_data!R:R,[1]raw_data!$A:$A,$B53) -> 0.93506494 | W53: =SUMIFS([1]raw_data!S:S,[1]raw_data!$A:$A,$B53) -> 328.03066 | X53: =SUMIFS([1]raw_data!T:T,[1]raw_data!$A:$A,$B53) -> 1.7074074 | Y53: =SUMIFS([1]raw_data!U:U,[1]raw_data!$A:$A,$B53) -> 204.90518 | Z53: =SUMIFS([1]raw_data!V:V,[1]raw_data!$A:$A,$B53) -> 1.6265432 | AA53: =(I53+M53+Q53+U53+Y53)/5 -> 165.59397
B54: 077402 | C54: DEWEY | D54: SEATING | E54: Grand Rapids | F54: =IFERROR(INDEX([1]raw_data!B:B,MATCH('SAIDI excl MEDs sort (5-yr avg)'!B34,[1]raw_data!A:A,0)),0) -> 635 | G54: =SUMIFS([1]raw_data!C:C,[1]raw_data!$A:$A,$B54) -> 813.48589 | H54: =SUMIFS([1]raw_data!D:D,[1]raw_data!$A:$A,$B54) -> 4.565183 | I54: =SUMIFS([1]raw_data!E:E,[1]raw_data!$A:$A,$B54) -> 188.348 | J54: =SUMIFS([1]raw_data!F:F,[1]raw_data!$A:$A,$B54) -> 2.5380564 | K54: =SUMIFS([1]raw_data!G:G,[1]raw_data!$A:$A,$B54) -> 1633.8239 | L54: =SUMIFS([1]raw_data!H:H,[1]raw_data!$A:$A,$B54) -> 3.5101396 | M54: =SUMIFS([1]raw_data!I:I,[1]raw_data!$A:$A,$B54) -> 60.67941 | N54: =SUMIFS([1]raw_data!J:J,[1]raw_data!$A:$A,$B54) -> 1.1406373 | O54: =SUMIFS([1]raw_data!K:K,[1]raw_data!$A:$A,$B54) -> 767.66847 | P54: =SUMIFS([1]raw_data!L:L,[1]raw_data!$A:$A,$B54) -> 1.3633458 | Q54: =SUMIFS([1]raw_data!M:M,[1]raw_data!$A:$A,$B54) -> 10.207578 | R54: =SUMIFS([1]raw_data!N:N,[1]raw_data!$A:$A,$B54) -> 0.11800746 | S54: =SUMIFS([1]raw_data!O:O,[1]raw_data!$A:$A,$B54) -> 1144.3527 | T54: =SUMIFS([1]raw_data!P:P,[1]raw_data!$A:$A,$B54) -> 2.3461333 | U54: =SUMIFS([1]raw_data!Q:Q,[1]raw_data!$A:$A,$B54) -> 465.50191 | V54: =SUMIFS([1]raw_data!R:R,[1]raw_data!$A:$A,$B54) -> 1.1709333 | W54: =SUMIFS([1]raw_data!S:S,[1]raw_data!$A:$A,$B54) -> 1858.7866 | X54: =SUMIFS([1]raw_data!T:T,[1]raw_data!$A:$A,$B54) -> 2.4928243 | Y54: =SUMIFS([1]raw_data!U:U,[1]raw_data!$A:$A,$B54) -> 89.751329 | Z54: =SUMIFS([1]raw_data!V:V,[1]raw_data!$A:$A,$B54) -> 0.40298507 | AA54: =(I54+M54+Q54+U54+Y54)/5 -> 162.89765
B55: 031702 | C55: ABERDEEN | D55: HOLLYWOOD | E55: Grand Rapids | F55: =IFERROR(INDEX([1]raw_data!B:B,MATCH('SAIDI excl MEDs sort (5-yr avg)'!B74,[1]raw_data!A:A,0)),0) -> 1004.2 | G55: =SUMIFS([1]raw_data!C:C,[1]raw_data!$A:$A,$B55) -> 1798.2883 | H55: =SUMIFS([1]raw_data!D:D,[1]raw_data!$A:$A,$B55) -> 1.7548097 | I55: =SUMIFS([1]raw_data!E:E,[1]raw_data!$A:$A,$B55) -> 81.809511 | J55: =SUMIFS([1]raw_data!F:F,[1]raw_data!$A:$A,$B55) -> 0.6467458 | K55: =SUMIFS([1]raw_data!G:G,[1]raw_data!$A:$A,$B55) -> 162.23136 | L55: =SUMIFS([1]raw_data!H:H,[1]raw_data!$A:$A,$B55) -> 0.68964111 | M55: =SUMIFS([1]raw_data!I:I,[1]raw_data!$A:$A,$B55) -> 159.75806 | N55: =SUMIFS([1]raw_data!J:J,[1]raw_data!$A:$A,$B55) -> 0.68311582 | O55: =SUMIFS([1]raw_data!K:K,[1]raw_data!$A:$A,$B55) -> 255.87116 | P55: =SUMIFS([1]raw_data!L:L,[1]raw_data!$A:$A,$B55) -> 0.66721044 | Q55: =SUMIFS([1]raw_data!M:M,[1]raw_data!$A:$A,$B55) -> 92.221281 | R55: =SUMIFS([1]raw_data!N:N,[1]raw_data!$A:$A,$B55) -> 0.52650897 | S55: =SUMIFS([1]raw_data!O:O,[1]raw_data!$A:$A,$B55) -> 70.583475 | T55: =SUMIFS([1]raw_data!P:P,[1]raw_data!$A:$A,$B55) -> 0.29019129 | U55: =SUMIFS([1]raw_data!Q:Q,[1]raw_data!$A:$A,$B55) -> 20.730314 | V55: =SUMIFS([1]raw_data!R:R,[1]raw_data!$A:$A,$B55) -> 0.26414326 | W55: =SUMIFS([1]raw_data!S:S,[1]raw_data!$A:$A,$B55) -> 2920.1664 | X55: =SUMIFS([1]raw_data!T:T,[1]raw_data!$A:$A,$B55) -> 2.9943182 | Y55: =SUMIFS([1]raw_data!U:U,[1]raw_data!$A:$A,$B55) -> 450.2156 | Z55: =SUMIFS([1]raw_data!V:V,[1]raw_data!$A:$A,$B55) -> 1.7987013 | AA55: =(I55+M55+Q55+U55+Y55)/5 -> 160.94695
B56: 157003 | C56: MILBOURNE | D56: DUPONT | E56: Flint | F56: =IFERROR(INDEX([1]raw_data!B:B,MATCH('SAIDI excl MEDs sort (5-yr avg)'!B15,[1]raw_data!A:A,0)),0) -> 647.4 | G56: =SUMIFS([1]raw_data!C:C,[1]raw_data!$A:$A,$B56) -> 320.03597 | H56: =SUMIFS([1]raw_data!D:D,[1]raw_data!$A:$A,$B56) -> 1.2405229 | I56: =SUMIFS([1]raw_data!E:E,[1]raw_data!$A:$A,$B56) -> 316.2199 | J56: =SUMIFS([1]raw_data!F:F,[1]raw_data!$A:$A,$B56) -> 1.2392157 | K56: =SUMIFS([1]raw_data!G:G,[1]raw_data!$A:$A,$B56) -> 104.90192 | L56: =SUMIFS([1]raw_data!H:H,[1]raw_data!$A:$A,$B56) -> 0.23214286 | M56: =SUMIFS([1]raw_data!I:I,[1]raw_data!$A:$A,$B56) -> 86.585322 | N56: =SUMIFS([1]raw_data!J:J,[1]raw_data!$A:$A,$B56) -> 0.22066327 | O56: =SUMIFS([1]raw_data!K:K,[1]raw_data!$A:$A,$B56) -> 416.84238 | P56: =SUMIFS([1]raw_data!L:L,[1]raw_data!$A:$A,$B56) -> 1.3504493 | Q56: =SUMIFS([1]raw_data!M:M,[1]raw_data!$A:$A,$B56) -> 297.78791 | R56: =SUMIFS([1]raw_data!N:N,[1]raw_data!$A:$A,$B56) -> 1.2875481 | S56: =SUMIFS([1]raw_data!O:O,[1]raw_data!$A:$A,$B56) -> 94.354952 | T56: =SUMIFS([1]raw_data!P:P,[1]raw_data!$A:$A,$B56) -> 0.18604651 | U56: =SUMIFS([1]raw_data!Q:Q,[1]raw_data!$A:$A,$B56) -> 58.777648 | V56: =SUMIFS([1]raw_data!R:R,[1]raw_data!$A:$A,$B56) -> 0.14341085 | W56: =SUMIFS([1]raw_data!S:S,[1]raw_data!$A:$A,$B56) -> 53.630251 | X56: =SUMIFS([1]raw_data!T:T,[1]raw_data!$A:$A,$B56) -> 0.18098958 | Y56: =SUMIFS([1]raw_data!U:U,[1]raw_data!$A:$A,$B56) -> 44.006467 | Z56: =SUMIFS([1]raw_data!V:V,[1]raw_data!$A:$A,$B56) -> 0.16145833 | AA56: =(I56+M56+Q56+U56+Y56)/5 -> 160.67545
B57: 076511 | C57: LOVELL | D57: GIBSON | E57: Kalamazoo | F57: =IFERROR(INDEX([1]raw_data!B:B,MATCH('SAIDI excl MEDs sort (5-yr avg)'!B114,[1]raw_data!A:A,0)),0) -> 1658.4 | G57: =SUMIFS([1]raw_data!C:C,[1]raw_data!$A:$A,$B57) -> 397.6896 | H57: =SUMIFS([1]raw_data!D:D,[1]raw_data!$A:$A,$B57) -> 0.35802469 | I57: =SUMIFS([1]raw_data!E:E,[1]raw_data!$A:$A,$B57) -> 25.080224 | J57: =SUMIFS([1]raw_data!F:F,[1]raw_data!$A:$A,$B57) -> 0.28641975 | K57: =SUMIFS([1]raw_data!G:G,[1]raw_data!$A:$A,$B57) -> 855.17964 | L57: =SUMIFS([1]raw_data!H:H,[1]raw_data!$A:$A,$B57) -> 1.782716 | M57: =SUMIFS([1]raw_data!I:I,[1]raw_data!$A:$A,$B57) -> 237.39731 | N57: =SUMIFS([1]raw_data!J:J,[1]raw_data!$A:$A,$B57) -> 1.1580247 | O57: =SUMIFS([1]raw_data!K:K,[1]raw_data!$A:$A,$B57) -> 465.36037 | P57: =SUMIFS([1]raw_data!L:L,[1]raw_data!$A:$A,$B57) -> 2.417284 | Q57: =SUMIFS([1]raw_data!M:M,[1]raw_data!$A:$A,$B57) -> 234.93387 | R57: =SUMIFS([1]raw_data!N:N,[1]raw_data!$A:$A,$B57) -> 0.40740741 | S57: =SUMIFS([1]raw_data!O:O,[1]raw_data!$A:$A,$B57) -> 14.482035 | T57: =SUMIFS([1]raw_data!P:P,[1]raw_data!$A:$A,$B57) -> 0.13316583 | U57: =SUMIFS([1]raw_data!Q:Q,[1]raw_data!$A:$A,$B57) -> 14.482035 | V57: =SUMIFS([1]raw_data!R:R,[1]raw_data!$A:$A,$B57) -> 0.13316583 | W57: =SUMIFS([1]raw_data!S:S,[1]raw_data!$A:$A,$B57) -> 287.66385 | X57: =SUMIFS([1]raw_data!T:T,[1]raw_data!$A:$A,$B57) -> 1.7979798 | Y57: =SUMIFS([1]raw_data!U:U,[1]raw_data!$A:$A,$B57) -> 287.66385 | Z57: =SUMIFS([1]raw_data!V:V,[1]raw_data!$A:$A,$B57) -> 1.7979798 | AA57: =(I57+M57+Q57+U57+Y57)/5 -> 159.91146
B58: 090602 | C58: HARRIET | D58: HARRIET | E58: Flint | F58: =IFERROR(INDEX([1]raw_data!B:B,MATCH('SAIDI excl MEDs sort (5-yr avg)'!B60,[1]raw_data!A:A,0)),0) -> 1118.4 | G58: =SUMIFS([1]raw_data!C:C,[1]raw_data!$A:$A,$B58) -> 243.03933 | H58: =SUMIFS([1]raw_data!D:D,[1]raw_data!$A:$A,$B58) -> 0.43565891 | I58: =SUMIFS([1]raw_data!E:E,[1]raw_data!$A:$A,$B58) -> 112.07611 | J58: =SUMIFS([1]raw_data!F:F,[1]raw_data!$A:$A,$B58) -> 0.3255814 | K58: =SUMIFS([1]raw_data!G:G,[1]raw_data!$A:$A,$B58) -> 288.89204 | L58: =SUMIFS([1]raw_data!H:H,[1]raw_data!$A:$A,$B58) -> 0.34678625 | M58: =SUMIFS([1]raw_data!I:I,[1]raw_data!$A:$A,$B58) -> 109.87294 | N58: =SUMIFS([1]raw_data!J:J,[1]raw_data!$A:$A,$B58) -> 0.25261584 | O58: =SUMIFS([1]raw_data!K:K,[1]raw_data!$A:$A,$B58) -> 466.24829 | P58: =SUMIFS([1]raw_data!L:L,[1]raw_data!$A:$A,$B58) -> 0.58116883 | Q58: =SUMIFS([1]raw_data!M:M,[1]raw_data!$A:$A,$B58) -> 103.30928 | R58: =SUMIFS([1]raw_data!N:N,[1]raw_data!$A:$A,$B58) -> 0.45616883 | S58: =SUMIFS([1]raw_data!O:O,[1]raw_data!$A:$A,$B58) -> 255.83326 | T58: =SUMIFS([1]raw_data!P:P,[1]raw_data!$A:$A,$B58) -> 1.5654135 | U58: =SUMIFS([1]raw_data!Q:Q,[1]raw_data!$A:$A,$B58) -> 86.42802 | V58: =SUMIFS([1]raw_data!R:R,[1]raw_data!$A:$A,$B58) -> 0.51428571 | W58: =SUMIFS([1]raw_data!S:S,[1]raw_data!$A:$A,$B58) -> 1714.5585 | X58: =SUMIFS([1]raw_data!T:T,[1]raw_data!$A:$A,$B58) -> 2.0482655 | Y58: =SUMIFS([1]raw_data!U:U,[1]raw_data!$A:$A,$B58) -> 379.69975 | Z58: =SUMIFS([1]raw_data!V:V,[1]raw_data!$A:$A,$B58) -> 1.2503771 | AA58: =(I58+M58+Q58+U58+Y58)/5 -> 158.27722
B59: 032501 | C59: BOSTON SQUARE | D59: NELAND | E59: Grand Rapids | F59: =IFERROR(INDEX([1]raw_data!B:B,MATCH('SAIDI excl MEDs sort (5-yr avg)'!B24,[1]raw_data!A:A,0)),0) -> 1256.625 | G59: =SUMIFS([1]raw_data!C:C,[1]raw_data!$A:$A,$B59) -> 312.85798 | H59: =SUMIFS([1]raw_data!D:D,[1]raw_data!$A:$A,$B59) -> 1.4309878 | I59: =SUMIFS([1]raw_data!E:E,[1]raw_data!$A:$A,$B59) -> 258.42546 | J59: =SUMIFS([1]raw_data!F:F,[1]raw_data!$A:$A,$B59) -> 1.3829499 | K59: =SUMIFS([1]raw_data!G:G,[1]raw_data!$A:$A,$B59) -> 31.264613 | L59: =SUMIFS([1]raw_data!H:H,[1]raw_data!$A:$A,$B59) -> 0.16996047 | M59: =SUMIFS([1]raw_data!I:I,[1]raw_data!$A:$A,$B59) -> 30.390872 | N59: =SUMIFS([1]raw_data!J:J,[1]raw_data!$A:$A,$B59) -> 0.1694664 | O59: =SUMIFS([1]raw_data!K:K,[1]raw_data!$A:$A,$B59) -> 268.17848 | P59: =SUMIFS([1]raw_data!L:L,[1]raw_data!$A:$A,$B59) -> 0.60705415 | Q59: =SUMIFS([1]raw_data!M:M,[1]raw_data!$A:$A,$B59) -> 85.773033 | R59: =SUMIFS([1]raw_data!N:N,[1]raw_data!$A:$A,$B59) -> 0.53303527 | S59: =SUMIFS([1]raw_data!O:O,[1]raw_data!$A:$A,$B59) -> 379.93738 | T59: =SUMIFS([1]raw_data!P:P,[1]raw_data!$A:$A,$B59) -> 2.4337349 | U59: =SUMIFS([1]raw_data!Q:Q,[1]raw_data!$A:$A,$B59) -> 379.85046 | V59: =SUMIFS([1]raw_data!R:R,[1]raw_data!$A:$A,$B59) -> 2.4332329 | W59: =SUMIFS([1]raw_data!S:S,[1]raw_data!$A:$A,$B59) -> 479.01912 | X59: =SUMIFS([1]raw_data!T:T,[1]raw_data!$A:$A,$B59) -> 0.53001017 | Y59: =SUMIFS([1]raw_data!U:U,[1]raw_data!$A:$A,$B59) -> 15.286376 | Z59: =SUMIFS([1]raw_data!V:V,[1]raw_data!$A:$A,$B59) -> 0.15310275 | AA59: =(I59+M59+Q59+U59+Y59)/5 -> 153.94524
B60: 031803 | C60: EAST MUSKEGON | D60: QUARTERLINE ROAD | E60: Muskegon | F60: =IFERROR(INDEX([1]raw_data!B:B,MATCH('SAIDI excl MEDs sort (5-yr avg)'!B59,[1]raw_data!A:A,0)),0) -> 1894.6 | G60: =SUMIFS([1]raw_data!C:C,[1]raw_data!$A:$A,$B60) -> 622.63825 | H60: =SUMIFS([1]raw_data!D:D,[1]raw_data!$A:$A,$B60) -> 0.82616487 | I60: =SUMIFS([1]raw_data!E:E,[1]raw_data!$A:$A,$B60) -> 114.19098 | J60: =SUMIFS([1]raw_data!F:F,[1]raw_data!$A:$A,$B60) -> 0.55197133 | K60: =SUMIFS([1]raw_data!G:G,[1]raw_data!$A:$A,$B60) -> 73.51256 | L60: =SUMIFS([1]raw_data!H:H,[1]raw_data!$A:$A,$B60) -> 0.33691756 | M60: =SUMIFS([1]raw_data!I:I,[1]raw_data!$A:$A,$B60) -> 72.293121 | N60: =SUMIFS([1]raw_data!J:J,[1]raw_data!$A:$A,$B60) -> 0.33602151 | O60: =SUMIFS([1]raw_data!K:K,[1]raw_data!$A:$A,$B60) -> 795.92536 | P60: =SUMIFS([1]raw_data!L:L,[1]raw_data!$A:$A,$B60) -> 0.62466488 | Q60: =SUMIFS([1]raw_data!M:M,[1]raw_data!$A:$A,$B60) -> 27.734286 | R60: =SUMIFS([1]raw_data!N:N,[1]raw_data!$A:$A,$B60) -> 0.20822163 | S60: =SUMIFS([1]raw_data!O:O,[1]raw_data!$A:$A,$B60) -> 316.41291 | T60: =SUMIFS([1]raw_data!P:P,[1]raw_data!$A:$A,$B60) -> 0.93226381 | U60: =SUMIFS([1]raw_data!Q:Q,[1]raw_data!$A:$A,$B60) -> 35.172311 | V60: =SUMIFS([1]raw_data!R:R,[1]raw_data!$A:$A,$B60) -> 0.37522282 | W60: =SUMIFS([1]raw_data!S:S,[1]raw_data!$A:$A,$B60) -> 927.15983 | X60: =SUMIFS([1]raw_data!T:T,[1]raw_data!$A:$A,$B60) -> 2.4655943 | Y60: =SUMIFS([1]raw_data!U:U,[1]raw_data!$A:$A,$B60) -> 503.80761 | Z60: =SUMIFS([1]raw_data!V:V,[1]raw_data!$A:$A,$B60) -> 1.8865058 | AA60: =(I60+M60+Q60+U60+Y60)/5 -> 150.63966
B61: 077403 | C61: DEWEY | D61: CONVENTION CENTER | E61: Grand Rapids | F61: =IFERROR(INDEX([1]raw_data!B:B,MATCH('SAIDI excl MEDs sort (5-yr avg)'!B158,[1]raw_data!A:A,0)),0) -> 2047.4444 | G61: =SUMIFS([1]raw_data!C:C,[1]raw_data!$A:$A,$B61) -> 0.349417 | H61: =SUMIFS([1]raw_data!D:D,[1]raw_data!$A:$A,$B61) -> 0.0018552876 | I61: =SUMIFS([1]raw_data!E:E,[1]raw_data!$A:$A,$B61) -> 0.349417 | J61: =SUMIFS([1]raw_data!F:F,[1]raw_data!$A:$A,$B61) -> 0.0018552876 | K61: =SUMIFS([1]raw_data!G:G,[1]raw_data!$A:$A,$B61) -> 254.71018 | L61: =SUMIFS([1]raw_data!H:H,[1]raw_data!$A:$A,$B61) -> 1.0404412 | M61: =SUMIFS([1]raw_data!I:I,[1]raw_data!$A:$A,$B61) -> 161.65982 | N61: =SUMIFS([1]raw_data!J:J,[1]raw_data!$A:$A,$B61) -> 0.99448529 | O61: =SUMIFS([1]raw_data!K:K,[1]raw_data!$A:$A,$B61) -> 2.597933 | P61: =SUMIFS([1]raw_data!L:L,[1]raw_data!$A:$A,$B61) -> 0.051181102 | Q61: =SUMIFS([1]raw_data!M:M,[1]raw_data!$A:$A,$B61) -> 2.597933 | R61: =SUMIFS([1]raw_data!N:N,[1]raw_data!$A:$A,$B61) -> 0.051181102 | S61: =SUMIFS([1]raw_data!O:O,[1]raw_data!$A:$A,$B61) -> 0 | T61: =SUMIFS([1]raw_data!P:P,[1]raw_data!$A:$A,$B61) -> 0 | U61: =SUMIFS([1]raw_data!Q:Q,[1]raw_data!$A:$A,$B61) -> 0 | V61: =SUMIFS([1]raw_data!R:R,[1]raw_data!$A:$A,$B61) -> 0 | W61: =SUMIFS([1]raw_data!S:S,[1]raw_data!$A:$A,$B61) -> 1692.6057 | X61: =SUMIFS([1]raw_data!T:T,[1]raw_data!$A:$A,$B61) -> 2.2269939 | Y61: =SUMIFS([1]raw_data!U:U,[1]raw_data!$A:$A,$B61) -> 573.26094 | Z61: =SUMIFS([1]raw_data!V:V,[1]raw_data!$A:$A,$B61) -> 1.2944785 | AA61: =(I61+M61+Q61+U61+Y61)/5 -> 147.57362
B62: 022401 | C62: CALKINS | D62: FLUSHING ROAD | E62: Flint | F62: =IFERROR(INDEX([1]raw_data!B:B,MATCH('SAIDI excl MEDs sort (5-yr avg)'!B23,[1]raw_data!A:A,0)),0) -> 1175.625 | G62: =SUMIFS([1]raw_data!C:C,[1]raw_data!$A:$A,$B62) -> 285.83162 | H62: =SUMIFS([1]raw_data!D:D,[1]raw_data!$A:$A,$B62) -> 1.4156863 | I62: =SUMIFS([1]raw_data!E:E,[1]raw_data!$A:$A,$B62) -> 264.54678 | J62: =SUMIFS([1]raw_data!F:F,[1]raw_data!$A:$A,$B62) -> 1.4098039 | K62: =SUMIFS([1]raw_data!G:G,[1]raw_data!$A:$A,$B62) -> 165.07051 | L62: =SUMIFS([1]raw_data!H:H,[1]raw_data!$A:$A,$B62) -> 0.47693817 | M62: =SUMIFS([1]raw_data!I:I,[1]raw_data!$A:$A,$B62) -> 55.249465 | N62: =SUMIFS([1]raw_data!J:J,[1]raw_data!$A:$A,$B62) -> 0.097154073 | O62: =SUMIFS([1]raw_data!K:K,[1]raw_data!$A:$A,$B62) -> 85.15127 | P62: =SUMIFS([1]raw_data!L:L,[1]raw_data!$A:$A,$B62) -> 0.11827957 | Q62: =SUMIFS([1]raw_data!M:M,[1]raw_data!$A:$A,$B62) -> 30.667758 | R62: =SUMIFS([1]raw_data!N:N,[1]raw_data!$A:$A,$B62) -> 0.094819159 | S62: =SUMIFS([1]raw_data!O:O,[1]raw_data!$A:$A,$B62) -> 34.187896 | T62: =SUMIFS([1]raw_data!P:P,[1]raw_data!$A:$A,$B62) -> 0.19146825 | U62: =SUMIFS([1]raw_data!Q:Q,[1]raw_data!$A:$A,$B62) -> 25.495767 | V62: =SUMIFS([1]raw_data!R:R,[1]raw_data!$A:$A,$B62) -> 0.18253968 | W62: =SUMIFS([1]raw_data!S:S,[1]raw_data!$A:$A,$B62) -> 393.59288 | X62: =SUMIFS([1]raw_data!T:T,[1]raw_data!$A:$A,$B62) -> 1.4353059 | Y62: =SUMIFS([1]raw_data!U:U,[1]raw_data!$A:$A,$B62) -> 354.10311 | Z62: =SUMIFS([1]raw_data!V:V,[1]raw_data!$A:$A,$B62) -> 1.4132397 | AA62: =(I62+M62+Q62+U62+Y62)/5 -> 146.01258
B63: 090302 | C63: LEE STREET | D63: LEE | E63: Grand Rapids | F63: =IFERROR(INDEX([1]raw_data!B:B,MATCH('SAIDI excl MEDs sort (5-yr avg)'!B44,[1]raw_data!A:A,0)),0) -> 635.2 | G63: =SUMIFS([1]raw_data!C:C,[1]raw_data!$A:$A,$B63) -> 335.08841 | H63: =SUMIFS([1]raw_data!D:D,[1]raw_data!$A:$A,$B63) -> 2.6176024 | I63: =SUMIFS([1]raw_data!E:E,[1]raw_data!$A:$A,$B63) -> 159.6438 | J63: =SUMIFS([1]raw_data!F:F,[1]raw_data!$A:$A,$B63) -> 1.801214 | K63: =SUMIFS([1]raw_data!G:G,[1]raw_data!$A:$A,$B63) -> 306.28589 | L63: =SUMIFS([1]raw_data!H:H,[1]raw_data!$A:$A,$B63) -> 1.9802432 | M63: =SUMIFS([1]raw_data!I:I,[1]raw_data!$A:$A,$B63) -> 306.28589 | N63: =SUMIFS([1]raw_data!J:J,[1]raw_data!$A:$A,$B63) -> 1.9802432 | O63: =SUMIFS([1]raw_data!K:K,[1]raw_data!$A:$A,$B63) -> 124.18404 | P63: =SUMIFS([1]raw_data!L:L,[1]raw_data!$A:$A,$B63) -> 1.1280488 | Q63: =SUMIFS([1]raw_data!M:M,[1]raw_data!$A:$A,$B63) -> 118.24858 | R63: =SUMIFS([1]raw_data!N:N,[1]raw_data!$A:$A,$B63) -> 1.1265244 | S63: =SUMIFS([1]raw_data!O:O,[1]raw_data!$A:$A,$B63) -> 429.05483 | T63: =SUMIFS([1]raw_data!P:P,[1]raw_data!$A:$A,$B63) -> 0.34603659 | U63: =SUMIFS([1]raw_data!Q:Q,[1]raw_data!$A:$A,$B63) -> 23.788084 | V63: =SUMIFS([1]raw_data!R:R,[1]raw_data!$A:$A,$B63) -> 0.2027439 | W63: =SUMIFS([1]raw_data!S:S,[1]raw_data!$A:$A,$B63) -> 212.75804 | X63: =SUMIFS([1]raw_data!T:T,[1]raw_data!$A:$A,$B63) -> 2.1858679 | Y63: =SUMIFS([1]raw_data!U:U,[1]raw_data!$A:$A,$B63) -> 114.32348 | Z63: =SUMIFS([1]raw_data!V:V,[1]raw_data!$A:$A,$B63) -> 2.0906298 | AA63: =(I63+M63+Q63+U63+Y63)/5 -> 144.45797
B64: 075704 | C64: MAPLE GROVE | D64: SHAW BOX | E64: Muskegon | F64: =IFERROR(INDEX([1]raw_data!B:B,MATCH('SAIDI excl MEDs sort (5-yr avg)'!B142,[1]raw_data!A:A,0)),0) -> 1575.125 | G64: =SUMIFS([1]raw_data!C:C,[1]raw_data!$A:$A,$B64) -> 34.260426 | H64: =SUMIFS([1]raw_data!D:D,[1]raw_data!$A:$A,$B64) -> 0.14015152 | I64: =SUMIFS([1]raw_data!E:E,[1]raw_data!$A:$A,$B64) -> 6.45358 | J64: =SUMIFS([1]raw_data!F:F,[1]raw_data!$A:$A,$B64) -> 0.12594697 | K64: =SUMIFS([1]raw_data!G:G,[1]raw_data!$A:$A,$B64) -> 7.083248 | L64: =SUMIFS([1]raw_data!H:H,[1]raw_data!$A:$A,$B64) -> 0.034354689 | M64: =SUMIFS([1]raw_data!I:I,[1]raw_data!$A:$A,$B64) -> 3.516057 | N64: =SUMIFS([1]raw_data!J:J,[1]raw_data!$A:$A,$B64) -> 0.024141133 | O64: =SUMIFS([1]raw_data!K:K,[1]raw_data!$A:$A,$B64) -> 106.71117 | P64: =SUMIFS([1]raw_data!L:L,[1]raw_data!$A:$A,$B64) -> 0.20260223 | Q64: =SUMIFS([1]raw_data!M:M,[1]raw_data!$A:$A,$B64) -> 100.76256 | R64: =SUMIFS([1]raw_data!N:N,[1]raw_data!$A:$A,$B64) -> 0.19981413 | S64: =SUMIFS([1]raw_data!O:O,[1]raw_data!$A:$A,$B64) -> 103.9033 | T64: =SUMIFS([1]raw_data!P:P,[1]raw_data!$A:$A,$B64) -> 0.54232558 | U64: =SUMIFS([1]raw_data!Q:Q,[1]raw_data!$A:$A,$B64) -> 79.124976 | V64: =SUMIFS([1]raw_data!R:R,[1]raw_data!$A:$A,$B64) -> 0.46511628 | W64: =SUMIFS([1]raw_data!S:S,[1]raw_data!$A:$A,$B64) -> 682.06075 | X64: =SUMIFS([1]raw_data!T:T,[1]raw_data!$A:$A,$B64) -> 2.3884141 | Y64: =SUMIFS([1]raw_data!U:U,[1]raw_data!$A:$A,$B64) -> 528.32168 | Z64: =SUMIFS([1]raw_data!V:V,[1]raw_data!$A:$A,$B64) -> 2.0151947 | AA64: =(I64+M64+Q64+U64+Y64)/5 -> 143.63577
B65: 076606 | C65: JUDD ROAD | D65: MANDEVILLE | E65: Flint | F65: =IFERROR(INDEX([1]raw_data!B:B,MATCH('SAIDI excl MEDs sort (5-yr avg)'!B66,[1]raw_data!A:A,0)),0) -> 1810.875 | G65: =SUMIFS([1]raw_data!C:C,[1]raw_data!$A:$A,$B65) -> 519.32807 | H65: =SUMIFS([1]raw_data!D:D,[1]raw_data!$A:$A,$B65) -> 1.0523666 | I65: =SUMIFS([1]raw_data!E:E,[1]raw_data!$A:$A,$B65) -> 519.32807 | J65: =SUMIFS([1]raw_data!F:F,[1]raw_data!$A:$A,$B65) -> 1.0523666 | K65: =SUMIFS([1]raw_data!G:G,[1]raw_data!$A:$A,$B65) -> 61.108294 | L65: =SUMIFS([1]raw_data!H:H,[1]raw_data!$A:$A,$B65) -> 0.22365805 | M65: =SUMIFS([1]raw_data!I:I,[1]raw_data!$A:$A,$B65) -> 42.260472 | N65: =SUMIFS([1]raw_data!J:J,[1]raw_data!$A:$A,$B65) -> 0.18190855 | O65: =SUMIFS([1]raw_data!K:K,[1]raw_data!$A:$A,$B65) -> 461.89023 | P65: =SUMIFS([1]raw_data!L:L,[1]raw_data!$A:$A,$B65) -> 0.66633367 | Q65: =SUMIFS([1]raw_data!M:M,[1]raw_data!$A:$A,$B65) -> 20.522977 | R65: =SUMIFS([1]raw_data!N:N,[1]raw_data!$A:$A,$B65) -> 0.12187812 | S65: =SUMIFS([1]raw_data!O:O,[1]raw_data!$A:$A,$B65) -> 99.647909 | T65: =SUMIFS([1]raw_data!P:P,[1]raw_data!$A:$A,$B65) -> 0.69167523 | U65: =SUMIFS([1]raw_data!Q:Q,[1]raw_data!$A:$A,$B65) -> 93.942668 | V65: =SUMIFS([1]raw_data!R:R,[1]raw_data!$A:$A,$B65) -> 0.67934224 | W65: =SUMIFS([1]raw_data!S:S,[1]raw_data!$A:$A,$B65) -> 40.93227 | X65: =SUMIFS([1]raw_data!T:T,[1]raw_data!$A:$A,$B65) -> 0.13584117 | Y65: =SUMIFS([1]raw_data!U:U,[1]raw_data!$A:$A,$B65) -> 40.93227 | Z65: =SUMIFS([1]raw_data!V:V,[1]raw_data!$A:$A,$B65) -> 0.13584117 | AA65: =(I65+M65+Q65+U65+Y65)/5 -> 143.39729
B66: 115901 | C66: BALLENGER | D66: TACKEN | E66: Flint | F66: =IFERROR(INDEX([1]raw_data!B:B,MATCH('SAIDI excl MEDs sort (5-yr avg)'!B122,[1]raw_data!A:A,0)),0) -> 2047 | G66: =SUMIFS([1]raw_data!C:C,[1]raw_data!$A:$A,$B66) -> 729.88452 | H66: =SUMIFS([1]raw_data!D:D,[1]raw_data!$A:$A,$B66) -> 0.93798052 | I66: =SUMIFS([1]raw_data!E:E,[1]raw_data!$A:$A,$B66) -> 18.335521 | J66: =SUMIFS([1]raw_data!F:F,[1]raw_data!$A:$A,$B66) -> 0.050743209 | K66: =SUMIFS([1]raw_data!G:G,[1]raw_data!$A:$A,$B66) -> 13.24819 | L66: =SUMIFS([1]raw_data!H:H,[1]raw_data!$A:$A,$B66) -> 0.10136452 | M66: =SUMIFS([1]raw_data!I:I,[1]raw_data!$A:$A,$B66) -> 12.38926 | N66: =SUMIFS([1]raw_data!J:J,[1]raw_data!$A:$A,$B66) -> 0.10071475 | O66: =SUMIFS([1]raw_data!K:K,[1]raw_data!$A:$A,$B66) -> 142.37143 | P66: =SUMIFS([1]raw_data!L:L,[1]raw_data!$A:$A,$B66) -> 0.31631058 | Q66: =SUMIFS([1]raw_data!M:M,[1]raw_data!$A:$A,$B66) -> 136.865 | R66: =SUMIFS([1]raw_data!N:N,[1]raw_data!$A:$A,$B66) -> 0.3074518 | S66: =SUMIFS([1]raw_data!O:O,[1]raw_data!$A:$A,$B66) -> 267.36768 | T66: =SUMIFS([1]raw_data!P:P,[1]raw_data!$A:$A,$B66) -> 0.77122153 | U66: =SUMIFS([1]raw_data!Q:Q,[1]raw_data!$A:$A,$B66) -> 267.36768 | V66: =SUMIFS([1]raw_data!R:R,[1]raw_data!$A:$A,$B66) -> 0.77122153 | W66: =SUMIFS([1]raw_data!S:S,[1]raw_data!$A:$A,$B66) -> 274.57879 | X66: =SUMIFS([1]raw_data!T:T,[1]raw_data!$A:$A,$B66) -> 0.54058722 | Y66: =SUMIFS([1]raw_data!U:U,[1]raw_data!$A:$A,$B66) -> 274.57879 | Z66: =SUMIFS([1]raw_data!V:V,[1]raw_data!$A:$A,$B66) -> 0.54058722 | AA66: =(I66+M66+Q66+U66+Y66)/5 -> 141.90725
B67: 052303 | C67: WOOD STREET | D67: CHIPPEWA | E67: Flint | F67: =IFERROR(INDEX([1]raw_data!B:B,MATCH('SAIDI excl MEDs sort (5-yr avg)'!B181,[1]raw_data!A:A,0)),0) -> 459 | G67: =SUMIFS([1]raw_data!C:C,[1]raw_data!$A:$A,$B67) -> 3.272017 | H67: =SUMIFS([1]raw_data!D:D,[1]raw_data!$A:$A,$B67) -> 0.0073529412 | I67: =SUMIFS([1]raw_data!E:E,[1]raw_data!$A:$A,$B67) -> 0 | J67: =SUMIFS([1]raw_data!F:F,[1]raw_data!$A:$A,$B67) -> 0 | K67: =SUMIFS([1]raw_data!G:G,[1]raw_data!$A:$A,$B67) -> 143.36325 | L67: =SUMIFS([1]raw_data!H:H,[1]raw_data!$A:$A,$B67) -> 0.3381295 | M67: =SUMIFS([1]raw_data!I:I,[1]raw_data!$A:$A,$B67) -> 143.36325 | N67: =SUMIFS([1]raw_data!J:J,[1]raw_data!$A:$A,$B67) -> 0.3381295 | O67: =SUMIFS([1]raw_data!K:K,[1]raw_data!$A:$A,$B67) -> 32.558914 | P67: =SUMIFS([1]raw_data!L:L,[1]raw_data!$A:$A,$B67) -> 0.10852713 | Q67: =SUMIFS([1]raw_data!M:M,[1]raw_data!$A:$A,$B67) -> 32.558914 | R67: =SUMIFS([1]raw_data!N:N,[1]raw_data!$A:$A,$B67) -> 0.10852713 | S67: =SUMIFS([1]raw_data!O:O,[1]raw_data!$A:$A,$B67) -> 119.94035 | T67: =SUMIFS([1]raw_data!P:P,[1]raw_data!$A:$A,$B67) -> 2.5394737 | U67: =SUMIFS([1]raw_data!Q:Q,[1]raw_data!$A:$A,$B67) -> 54.522587 | V67: =SUMIFS([1]raw_data!R:R,[1]raw_data!$A:$A,$B67) -> 1.1578947 | W67: =SUMIFS([1]raw_data!S:S,[1]raw_data!$A:$A,$B67) -> 665.94541 | X67: =SUMIFS([1]raw_data!T:T,[1]raw_data!$A:$A,$B67) -> 2.9275362 | Y67: =SUMIFS([1]raw_data!U:U,[1]raw_data!$A:$A,$B67) -> 470.33865 | Z67: =SUMIFS([1]raw_data!V:V,[1]raw_data!$A:$A,$B67) -> 1.942029 | AA67: =(I67+M67+Q67+U67+Y67)/5 -> 140.15668
B68: 021202 | C68: PHILLIPS | D68: FACTORY | E68: Kalamazoo | F68: =IFERROR(INDEX([1]raw_data!B:B,MATCH('SAIDI excl MEDs sort (5-yr avg)'!B32,[1]raw_data!A:A,0)),0) -> 119.4 | G68: =SUMIFS([1]raw_data!C:C,[1]raw_data!$A:$A,$B68) -> 2004.6304 | H68: =SUMIFS([1]raw_data!D:D,[1]raw_data!$A:$A,$B68) -> 2.1951531 | I68: =SUMIFS([1]raw_data!E:E,[1]raw_data!$A:$A,$B68) -> 201.05788 | J68: =SUMIFS([1]raw_data!F:F,[1]raw_data!$A:$A,$B68) -> 1.6664541 | K68: =SUMIFS([1]raw_data!G:G,[1]raw_data!$A:$A,$B68) -> 143.50432 | L68: =SUMIFS([1]raw_data!H:H,[1]raw_data!$A:$A,$B68) -> 1.0292249 | M68: =SUMIFS([1]raw_data!I:I,[1]raw_data!$A:$A,$B68) -> 74.883812 | N68: =SUMIFS([1]raw_data!J:J,[1]raw_data!$A:$A,$B68) -> 0.99301144 | O68: =SUMIFS([1]raw_data!K:K,[1]raw_data!$A:$A,$B68) -> 634.11762 | P68: =SUMIFS([1]raw_data!L:L,[1]raw_data!$A:$A,$B68) -> 1.5298223 | Q68: =SUMIFS([1]raw_data!M:M,[1]raw_data!$A:$A,$B68) -> 117.67208 | R68: =SUMIFS([1]raw_data!N:N,[1]raw_data!$A:$A,$B68) -> 0.85215736 | S68: =SUMIFS([1]raw_data!O:O,[1]raw_data!$A:$A,$B68) -> 264.5121 | T68: =SUMIFS([1]raw_data!P:P,[1]raw_data!$A:$A,$B68) -> 1.7825243 | U68: =SUMIFS([1]raw_data!Q:Q,[1]raw_data!$A:$A,$B68) -> 264.5121 | V68: =SUMIFS([1]raw_data!R:R,[1]raw_data!$A:$A,$B68) -> 1.7825243 | W68: =SUMIFS([1]raw_data!S:S,[1]raw_data!$A:$A,$B68) -> 139.71941 | X68: =SUMIFS([1]raw_data!T:T,[1]raw_data!$A:$A,$B68) -> 0.22998643 | Y68: =SUMIFS([1]raw_data!U:U,[1]raw_data!$A:$A,$B68) -> 27.690535 | Z68: =SUMIFS([1]raw_data!V:V,[1]raw_data!$A:$A,$B68) -> 0.18995929 | AA68: =(I68+M68+Q68+U68+Y68)/5 -> 137.16328
B69: 024104 | C69: DOEHLER JARVIS | D69: COTTAGE GROVE | E69: Grand Rapids | F69: =IFERROR(INDEX([1]raw_data!B:B,MATCH('SAIDI excl MEDs sort (5-yr avg)'!B104,[1]raw_data!A:A,0)),0) -> 1562.4 | G69: =SUMIFS([1]raw_data!C:C,[1]raw_data!$A:$A,$B69) -> 37.120266 | H69: =SUMIFS([1]raw_data!D:D,[1]raw_data!$A:$A,$B69) -> 0.3343949 | I69: =SUMIFS([1]raw_data!E:E,[1]raw_data!$A:$A,$B69) -> 37.120266 | J69: =SUMIFS([1]raw_data!F:F,[1]raw_data!$A:$A,$B69) -> 0.3343949 | K69: =SUMIFS([1]raw_data!G:G,[1]raw_data!$A:$A,$B69) -> 282.75783 | L69: =SUMIFS([1]raw_data!H:H,[1]raw_data!$A:$A,$B69) -> 1.4220779 | M69: =SUMIFS([1]raw_data!I:I,[1]raw_data!$A:$A,$B69) -> 274.13328 | N69: =SUMIFS([1]raw_data!J:J,[1]raw_data!$A:$A,$B69) -> 1.3603896 | O69: =SUMIFS([1]raw_data!K:K,[1]raw_data!$A:$A,$B69) -> 379.40156 | P69: =SUMIFS([1]raw_data!L:L,[1]raw_data!$A:$A,$B69) -> 2.9158576 | Q69: =SUMIFS([1]raw_data!M:M,[1]raw_data!$A:$A,$B69) -> 362.29083 | R69: =SUMIFS([1]raw_data!N:N,[1]raw_data!$A:$A,$B69) -> 2.9061489 | S69: =SUMIFS([1]raw_data!O:O,[1]raw_data!$A:$A,$B69) -> 12.03887 | T69: =SUMIFS([1]raw_data!P:P,[1]raw_data!$A:$A,$B69) -> 0.10423453 | U69: =SUMIFS([1]raw_data!Q:Q,[1]raw_data!$A:$A,$B69) -> 6.757817 | V69: =SUMIFS([1]raw_data!R:R,[1]raw_data!$A:$A,$B69) -> 0.094462541 | W69: =SUMIFS([1]raw_data!S:S,[1]raw_data!$A:$A,$B69) -> 0.701303 | X69: =SUMIFS([1]raw_data!T:T,[1]raw_data!$A:$A,$B69) -> 0.0021141649 | Y69: =SUMIFS([1]raw_data!U:U,[1]raw_data!$A:$A,$B69) -> 0.701303 | Z69: =SUMIFS([1]raw_data!V:V,[1]raw_data!$A:$A,$B69) -> 0.0021141649 | AA69: =(I69+M69+Q69+U69+Y69)/5 -> 136.2007
B70: 006101 | C70: SAGINAW STREET | D70: PAYNE STREET | E70: Flint | F70: =IFERROR(INDEX([1]raw_data!B:B,MATCH('SAIDI excl MEDs sort (5-yr avg)'!B159,[1]raw_data!A:A,0)),0) -> 64.333333 | G70: =SUMIFS([1]raw_data!C:C,[1]raw_data!$A:$A,$B70) -> 0 | H70: =SUMIFS([1]raw_data!D:D,[1]raw_data!$A:$A,$B70) -> 0 | I70: =SUMIFS([1]raw_data!E:E,[1]raw_data!$A:$A,$B70) -> 0 | J70: =SUMIFS([1]raw_data!F:F,[1]raw_data!$A:$A,$B70) -> 0 | K70: =SUMIFS([1]raw_data!G:G,[1]raw_data!$A:$A,$B70) -> 0 | L70: =SUMIFS([1]raw_data!H:H,[1]raw_data!$A:$A,$B70) -> 0 | M70: =SUMIFS([1]raw_data!I:I,[1]raw_data!$A:$A,$B70) -> 0 | N70: =SUMIFS([1]raw_data!J:J,[1]raw_data!$A:$A,$B70) -> 0 | O70: =SUMIFS([1]raw_data!K:K,[1]raw_data!$A:$A,$B70) -> 0 | P70: =SUMIFS([1]raw_data!L:L,[1]raw_data!$A:$A,$B70) -> 0 | Q70: =SUMIFS([1]raw_data!M:M,[1]raw_data!$A:$A,$B70) -> 0 | R70: =SUMIFS([1]raw_data!N:N,[1]raw_data!$A:$A,$B70) -> 0 | S70: =SUMIFS([1]raw_data!O:O,[1]raw_data!$A:$A,$B70) -> 721.15973 | T70: =SUMIFS([1]raw_data!P:P,[1]raw_data!$A:$A,$B70) -> 1.9306931 | U70: =SUMIFS([1]raw_data!Q:Q,[1]raw_data!$A:$A,$B70) -> 673.7264 | V70: =SUMIFS([1]raw_data!R:R,[1]raw_data!$A:$A,$B70) -> 0.93069307 | W70: =SUMIFS([1]raw_data!S:S,[1]raw_data!$A:$A,$B70) -> 0 | X70: =SUMIFS([1]raw_data!T:T,[1]raw_data!$A:$A,$B70) -> 0 | Y70: =SUMIFS([1]raw_data!U:U,[1]raw_data!$A:$A,$B70) -> 0 | Z70: =SUMIFS([1]raw_data!V:V,[1]raw_data!$A:$A,$B70) -> 0 | AA70: =(I70+M70+Q70+U70+Y70)/5 -> 134.74528
B71: 090801 | C71: OAK STREET | D71: COOPER STREET | E71: Jackson | F71: =IFERROR(INDEX([1]raw_data!B:B,MATCH('SAIDI excl MEDs sort (5-yr avg)'!B62,[1]raw_data!A:A,0)),0) -> 1013.4 | G71: =SUMIFS([1]raw_data!C:C,[1]raw_data!$A:$A,$B71) -> 380.86889 | H71: =SUMIFS([1]raw_data!D:D,[1]raw_data!$A:$A,$B71) -> 1.2502157 | I71: =SUMIFS([1]raw_data!E:E,[1]raw_data!$A:$A,$B71) -> 110.07617 | J71: =SUMIFS([1]raw_data!F:F,[1]raw_data!$A:$A,$B71) -> 1.0638481 | K71: =SUMIFS([1]raw_data!G:G,[1]raw_data!$A:$A,$B71) -> 589.41371 | L71: =SUMIFS([1]raw_data!H:H,[1]raw_data!$A:$A,$B71) -> 1.6491831 | M71: =SUMIFS([1]raw_data!I:I,[1]raw_data!$A:$A,$B71) -> 420.31895 | N71: =SUMIFS([1]raw_data!J:J,[1]raw_data!$A:$A,$B71) -> 1.5399828 | O71: =SUMIFS([1]raw_data!K:K,[1]raw_data!$A:$A,$B71) -> 146.30368 | P71: =SUMIFS([1]raw_data!L:L,[1]raw_data!$A:$A,$B71) -> 1.1656652 | Q71: =SUMIFS([1]raw_data!M:M,[1]raw_data!$A:$A,$B71) -> 98.468626 | R71: =SUMIFS([1]raw_data!N:N,[1]raw_data!$A:$A,$B71) -> 1.1313305 | S71: =SUMIFS([1]raw_data!O:O,[1]raw_data!$A:$A,$B71) -> 528.94119 | T71: =SUMIFS([1]raw_data!P:P,[1]raw_data!$A:$A,$B71) -> 1.3261803 | U71: =SUMIFS([1]raw_data!Q:Q,[1]raw_data!$A:$A,$B71) -> 34.231587 | V71: =SUMIFS([1]raw_data!R:R,[1]raw_data!$A:$A,$B71) -> 0.26609442 | W71: =SUMIFS([1]raw_data!S:S,[1]raw_data!$A:$A,$B71) -> 53.471117 | X71: =SUMIFS([1]raw_data!T:T,[1]raw_data!$A:$A,$B71) -> 0.22558341 | Y71: =SUMIFS([1]raw_data!U:U,[1]raw_data!$A:$A,$B71) -> 10.05847 | Z71: =SUMIFS([1]raw_data!V:V,[1]raw_data!$A:$A,$B71) -> 0.1227312 | AA71: =(I71+M71+Q71+U71+Y71)/5 -> 134.63076
B72: 036902 | C72: COOLEY | D72: NORTH STREET | E72: Kalamazoo | F72: =IFERROR(INDEX([1]raw_data!B:B,MATCH('SAIDI excl MEDs sort (5-yr avg)'!B130,[1]raw_data!A:A,0)),0) -> 971.44444 | G72: =SUMIFS([1]raw_data!C:C,[1]raw_data!$A:$A,$B72) -> 17.719512 | H72: =SUMIFS([1]raw_data!D:D,[1]raw_data!$A:$A,$B72) -> 0.04962963 | I72: =SUMIFS([1]raw_data!E:E,[1]raw_data!$A:$A,$B72) -> 12.865804 | J72: =SUMIFS([1]raw_data!F:F,[1]raw_data!$A:$A,$B72) -> 0.045185185 | K72: =SUMIFS([1]raw_data!G:G,[1]raw_data!$A:$A,$B72) -> 5.966127 | L72: =SUMIFS([1]raw_data!H:H,[1]raw_data!$A:$A,$B72) -> 0.042035398 | M72: =SUMIFS([1]raw_data!I:I,[1]raw_data!$A:$A,$B72) -> 2.969343 | N72: =SUMIFS([1]raw_data!J:J,[1]raw_data!$A:$A,$B72) -> 0.037610619 | O72: =SUMIFS([1]raw_data!K:K,[1]raw_data!$A:$A,$B72) -> 249.34196 | P72: =SUMIFS([1]raw_data!L:L,[1]raw_data!$A:$A,$B72) -> 1.8045723 | Q72: =SUMIFS([1]raw_data!M:M,[1]raw_data!$A:$A,$B72) -> 220.68955 | R72: =SUMIFS([1]raw_data!N:N,[1]raw_data!$A:$A,$B72) -> 1.769174 | S72: =SUMIFS([1]raw_data!O:O,[1]raw_data!$A:$A,$B72) -> 313.56843 | T72: =SUMIFS([1]raw_data!P:P,[1]raw_data!$A:$A,$B72) -> 2.4038772 | U72: =SUMIFS([1]raw_data!Q:Q,[1]raw_data!$A:$A,$B72) -> 313.50526 | V72: =SUMIFS([1]raw_data!R:R,[1]raw_data!$A:$A,$B72) -> 2.4022617 | W72: =SUMIFS([1]raw_data!S:S,[1]raw_data!$A:$A,$B72) -> 120.01565 | X72: =SUMIFS([1]raw_data!T:T,[1]raw_data!$A:$A,$B72) -> 1.0442804 | Y72: =SUMIFS([1]raw_data!U:U,[1]raw_data!$A:$A,$B72) -> 120.01565 | Z72: =SUMIFS([1]raw_data!V:V,[1]raw_data!$A:$A,$B72) -> 1.0442804 | AA72: =(I72+M72+Q72+U72+Y72)/5 -> 134.00912
B73: 108202 | C73: GOODALE | D73: IRVING PARK | E73: Battle Creek | F73: =IFERROR(INDEX([1]raw_data!B:B,MATCH('SAIDI excl MEDs sort (5-yr avg)'!B192,[1]raw_data!A:A,0)),0) -> 0 | G73: =SUMIFS([1]raw_data!C:C,[1]raw_data!$A:$A,$B73) -> 0 | H73: =SUMIFS([1]raw_data!D:D,[1]raw_data!$A:$A,$B73) -> 0 | I73: =SUMIFS([1]raw_data!E:E,[1]raw_data!$A:$A,$B73) -> 0 | J73: =SUMIFS([1]raw_data!F:F,[1]raw_data!$A:$A,$B73) -> 0 | K73: =SUMIFS([1]raw_data!G:G,[1]raw_data!$A:$A,$B73) -> 0 | L73: =SUMIFS([1]raw_data!H:H,[1]raw_data!$A:$A,$B73) -> 0 | M73: =SUMIFS([1]raw_data!I:I,[1]raw_data!$A:$A,$B73) -> 0 | N73: =SUMIFS([1]raw_data!J:J,[1]raw_data!$A:$A,$B73) -> 0 | O73: =SUMIFS([1]raw_data!K:K,[1]raw_data!$A:$A,$B73) -> 131.20122 | P73: =SUMIFS([1]raw_data!L:L,[1]raw_data!$A:$A,$B73) -> 1.0091743 | Q73: =SUMIFS([1]raw_data!M:M,[1]raw_data!$A:$A,$B73) -> 131.20122 | R73: =SUMIFS([1]raw_data!N:N,[1]raw_data!$A:$A,$B73) -> 1.0091743 | S73: =SUMIFS([1]raw_data!O:O,[1]raw_data!$A:$A,$B73) -> 36.178746 | T73: =SUMIFS([1]raw_data!P:P,[1]raw_data!$A:$A,$B73) -> 0.0091743119 | U73: =SUMIFS([1]raw_data!Q:Q,[1]raw_data!$A:$A,$B73) -> 0 | V73: =SUMIFS([1]raw_data!R:R,[1]raw_data!$A:$A,$B73) -> 0 | W73: =SUMIFS([1]raw_data!S:S,[1]raw_data!$A:$A,$B73) -> 535.05873 | X73: =SUMIFS([1]raw_data!T:T,[1]raw_data!$A:$A,$B73) -> 3.5025432 | Y73: =SUMIFS([1]raw_data!U:U,[1]raw_data!$A:$A,$B73) -> 535.05873 | Z73: =SUMIFS([1]raw_data!V:V,[1]raw_data!$A:$A,$B73) -> 3.5025432 | AA73: =(I73+M73+Q73+U73+Y73)/5 -> 133.25199
B74: 000705 | C74: MUSKEGON HEIGHTS | D74: MUSKEGON | E74: Muskegon | F74: =IFERROR(INDEX([1]raw_data!B:B,MATCH('SAIDI excl MEDs sort (5-yr avg)'!B82,[1]raw_data!A:A,0)),0) -> 898 | G74: =SUMIFS([1]raw_data!C:C,[1]raw_data!$A:$A,$B74) -> 68.491255 | H74: =SUMIFS([1]raw_data!D:D,[1]raw_data!$A:$A,$B74) -> 0.43444227 | I74: =SUMIFS([1]raw_data!E:E,[1]raw_data!$A:$A,$B74) -> 66.554086 | J74: =SUMIFS([1]raw_data!F:F,[1]raw_data!$A:$A,$B74) -> 0.43248532 | K74: =SUMIFS([1]raw_data!G:G,[1]raw_data!$A:$A,$B74) -> 43.969227 | L74: =SUMIFS([1]raw_data!H:H,[1]raw_data!$A:$A,$B74) -> 0.35270936 | M74: =SUMIFS([1]raw_data!I:I,[1]raw_data!$A:$A,$B74) -> 30.80911 | N74: =SUMIFS([1]raw_data!J:J,[1]raw_data!$A:$A,$B74) -> 0.31428571 | O74: =SUMIFS([1]raw_data!K:K,[1]raw_data!$A:$A,$B74) -> 128.58023 | P74: =SUMIFS([1]raw_data!L:L,[1]raw_data!$A:$A,$B74) -> 1.5203171 | Q74: =SUMIFS([1]raw_data!M:M,[1]raw_data!$A:$A,$B74) -> 77.85479 | R74: =SUMIFS([1]raw_data!N:N,[1]raw_data!$A:$A,$B74) -> 0.77006938 | S74: =SUMIFS([1]raw_data!O:O,[1]raw_data!$A:$A,$B74) -> 133.45352 | T74: =SUMIFS([1]raw_data!P:P,[1]raw_data!$A:$A,$B74) -> 1.096 | U74: =SUMIFS([1]raw_data!Q:Q,[1]raw_data!$A:$A,$B74) -> 115.0029 | V74: =SUMIFS([1]raw_data!R:R,[1]raw_data!$A:$A,$B74) -> 1.025 | W74: =SUMIFS([1]raw_data!S:S,[1]raw_data!$A:$A,$B74) -> 526.41342 | X74: =SUMIFS([1]raw_data!T:T,[1]raw_data!$A:$A,$B74) -> 2.7117949 | Y74: =SUMIFS([1]raw_data!U:U,[1]raw_data!$A:$A,$B74) -> 374.10885 | Z74: =SUMIFS([1]raw_data!V:V,[1]raw_data!$A:$A,$B74) -> 2.4482051 | AA74: =(I74+M74+Q74+U74+Y74)/5 -> 132.86595
B75: 050201 | C75: WYOMING PARK | D75: BEVERLY | E75: Grand Rapids | F75: =IFERROR(INDEX([1]raw_data!B:B,MATCH('SAIDI excl MEDs sort (5-yr avg)'!B47,[1]raw_data!A:A,0)),0) -> 92.375 | G75: =SUMIFS([1]raw_data!C:C,[1]raw_data!$A:$A,$B75) -> 147.39676 | H75: =SUMIFS([1]raw_data!D:D,[1]raw_data!$A:$A,$B75) -> 1.1704958 | I75: =SUMIFS([1]raw_data!E:E,[1]raw_data!$A:$A,$B75) -> 147.39676 | J75: =SUMIFS([1]raw_data!F:F,[1]raw_data!$A:$A,$B75) -> 1.1704958 | K75: =SUMIFS([1]raw_data!G:G,[1]raw_data!$A:$A,$B75) -> 35.103574 | L75: =SUMIFS([1]raw_data!H:H,[1]raw_data!$A:$A,$B75) -> 0.16837041 | M75: =SUMIFS([1]raw_data!I:I,[1]raw_data!$A:$A,$B75) -> 15.562376 | N75: =SUMIFS([1]raw_data!J:J,[1]raw_data!$A:$A,$B75) -> 0.12387252 | O75: =SUMIFS([1]raw_data!K:K,[1]raw_data!$A:$A,$B75) -> 61.923715 | P75: =SUMIFS([1]raw_data!L:L,[1]raw_data!$A:$A,$B75) -> 0.33694344 | Q75: =SUMIFS([1]raw_data!M:M,[1]raw_data!$A:$A,$B75) -> 41.445978 | R75: =SUMIFS([1]raw_data!N:N,[1]raw_data!$A:$A,$B75) -> 0.28880866 | S75: =SUMIFS([1]raw_data!O:O,[1]raw_data!$A:$A,$B75) -> 229.10801 | T75: =SUMIFS([1]raw_data!P:P,[1]raw_data!$A:$A,$B75) -> 1.5156627 | U75: =SUMIFS([1]raw_data!Q:Q,[1]raw_data!$A:$A,$B75) -> 214.3521 | V75: =SUMIFS([1]raw_data!R:R,[1]raw_data!$A:$A,$B75) -> 1.4909639 | W75: =SUMIFS([1]raw_data!S:S,[1]raw_data!$A:$A,$B75) -> 1147.6884 | X75: =SUMIFS([1]raw_data!T:T,[1]raw_data!$A:$A,$B75) -> 2.5200243 | Y75: =SUMIFS([1]raw_data!U:U,[1]raw_data!$A:$A,$B75) -> 237.20838 | Z75: =SUMIFS([1]raw_data!V:V,[1]raw_data!$A:$A,$B75) -> 1.2226942 | AA75: =(I75+M75+Q75+U75+Y75)/5 -> 131.19312
A76: Second Quartile | B76: 000704 | C76: MUSKEGON HEIGHTS | D76: HEIGHTS | E76: Muskegon | F76: =IFERROR(INDEX([1]raw_data!B:B,MATCH('SAIDI excl MEDs sort (5-yr avg)'!B83,[1]raw_data!A:A,0)),0) -> 436 | G76: =SUMIFS([1]raw_data!C:C,[1]raw_data!$A:$A,$B76) -> 360.8448 | H76: =SUMIFS([1]raw_data!D:D,[1]raw_data!$A:$A,$B76) -> 0.9375 | I76: =SUMIFS([1]raw_data!E:E,[1]raw_data!$A:$A,$B76) -> 66.284292 | J76: =SUMIFS([1]raw_data!F:F,[1]raw_data!$A:$A,$B76) -> 0.73689516 | K76: =SUMIFS([1]raw_data!G:G,[1]raw_data!$A:$A,$B76) -> 71.364641 | L76: =SUMIFS([1]raw_data!H:H,[1]raw_data!$A:$A,$B76) -> 0.45027624 | M76: =SUMIFS([1]raw_data!I:I,[1]raw_data!$A:$A,$B76) -> 55.236146 | N76: =SUMIFS([1]raw_data!J:J,[1]raw_data!$A:$A,$B76) -> 0.42633517 | O76: =SUMIFS([1]raw_data!K:K,[1]raw_data!$A:$A,$B76) -> 422.61747 | P76: =SUMIFS([1]raw_data!L:L,[1]raw_data!$A:$A,$B76) -> 1.0663034 | Q76: =SUMIFS([1]raw_data!M:M,[1]raw_data!$A:$A,$B76) -> 175.81538 | R76: =SUMIFS([1]raw_data!N:N,[1]raw_data!$A:$A,$B76) -> 0.85831063 | S76: =SUMIFS([1]raw_data!O:O,[1]raw_data!$A:$A,$B76) -> 48.006721 | T76: =SUMIFS([1]raw_data!P:P,[1]raw_data!$A:$A,$B76) -> 0.43156934 | U76: =SUMIFS([1]raw_data!Q:Q,[1]raw_data!$A:$A,$B76) -> 35.929881 | V76: =SUMIFS([1]raw_data!R:R,[1]raw_data!$A:$A,$B76) -> 0.26642336 | W76: =SUMIFS([1]raw_data!S:S,[1]raw_data!$A:$A,$B76) -> 310.61594 | X76: =SUMIFS([1]raw_data!T:T,[1]raw_data!$A:$A,$B76) -> 2.027907 | Y76: =SUMIFS([1]raw_data!U:U,[1]raw_data!$A:$A,$B76) -> 305.60107 | Z76: =SUMIFS([1]raw_data!V:V,[1]raw_data!$A:$A,$B76) -> 2.0251163 | AA76: =(I76+M76+Q76+U76+Y76)/5 -> 127.77335
B77: 024105 | C77: DOEHLER JARVIS | D77: SEYMOUR | E77: Grand Rapids | F77: =IFERROR(INDEX([1]raw_data!B:B,MATCH('SAIDI excl MEDs sort (5-yr avg)'!B91,[1]raw_data!A:A,0)),0) -> 3411.4 | G77: =SUMIFS([1]raw_data!C:C,[1]raw_data!$A:$A,$B77) -> 71.281596 | H77: =SUMIFS([1]raw_data!D:D,[1]raw_data!$A:$A,$B77) -> 0.2589404 | I77: =SUMIFS([1]raw_data!E:E,[1]raw_data!$A:$A,$B77) -> 56.269155 | J77: =SUMIFS([1]raw_data!F:F,[1]raw_data!$A:$A,$B77) -> 0.24503311 | K77: =SUMIFS([1]raw_data!G:G,[1]raw_data!$A:$A,$B77) -> 135.21799 | L77: =SUMIFS([1]raw_data!H:H,[1]raw_data!$A:$A,$B77) -> 1.1892077 | M77: =SUMIFS([1]raw_data!I:I,[1]raw_data!$A:$A,$B77) -> 124.26728 | N77: =SUMIFS([1]raw_data!J:J,[1]raw_data!$A:$A,$B77) -> 1.1714481 | O77: =SUMIFS([1]raw_data!K:K,[1]raw_data!$A:$A,$B77) -> 72.161136 | P77: =SUMIFS([1]raw_data!L:L,[1]raw_data!$A:$A,$B77) -> 0.26279863 | Q77: =SUMIFS([1]raw_data!M:M,[1]raw_data!$A:$A,$B77) -> 22.318668 | R77: =SUMIFS([1]raw_data!N:N,[1]raw_data!$A:$A,$B77) -> 0.24163823 | S77: =SUMIFS([1]raw_data!O:O,[1]raw_data!$A:$A,$B77) -> 2299.9471 | T77: =SUMIFS([1]raw_data!P:P,[1]raw_data!$A:$A,$B77) -> 3.1309604 | U77: =SUMIFS([1]raw_data!Q:Q,[1]raw_data!$A:$A,$B77) -> 340.18423 | V77: =SUMIFS([1]raw_data!R:R,[1]raw_data!$A:$A,$B77) -> 1.7891202 | W77: =SUMIFS([1]raw_data!S:S,[1]raw_data!$A:$A,$B77) -> 2198.5899 | X77: =SUMIFS([1]raw_data!T:T,[1]raw_data!$A:$A,$B77) -> 2.0323015 | Y77: =SUMIFS([1]raw_data!U:U,[1]raw_data!$A:$A,$B77) -> 93.903207 | Z77: =SUMIFS([1]raw_data!V:V,[1]raw_data!$A:$A,$B77) -> 0.92328398 | AA77: =(I77+M77+Q77+U77+Y77)/5 -> 127.38851
B78: 106501 | C78: FOURTEENTH STREET | D78: TOBIAS STREET | E78: Flint | F78: =IFERROR(INDEX([1]raw_data!B:B,MATCH('SAIDI excl MEDs sort (5-yr avg)'!B87,[1]raw_data!A:A,0)),0) -> 630.66667 | G78: =SUMIFS([1]raw_data!C:C,[1]raw_data!$A:$A,$B78) -> 72.173817 | H78: =SUMIFS([1]raw_data!D:D,[1]raw_data!$A:$A,$B78) -> 0.41032999 | I78: =SUMIFS([1]raw_data!E:E,[1]raw_data!$A:$A,$B78) -> 63.846404 | J78: =SUMIFS([1]raw_data!F:F,[1]raw_data!$A:$A,$B78) -> 0.38593974 | K78: =SUMIFS([1]raw_data!G:G,[1]raw_data!$A:$A,$B78) -> 216.61524 | L78: =SUMIFS([1]raw_data!H:H,[1]raw_data!$A:$A,$B78) -> 1.4054834 | M78: =SUMIFS([1]raw_data!I:I,[1]raw_data!$A:$A,$B78) -> 216.61524 | N78: =SUMIFS([1]raw_data!J:J,[1]raw_data!$A:$A,$B78) -> 1.4054834 | O78: =SUMIFS([1]raw_data!K:K,[1]raw_data!$A:$A,$B78) -> 255.00648 | P78: =SUMIFS([1]raw_data!L:L,[1]raw_data!$A:$A,$B78) -> 0.92927864 | Q78: =SUMIFS([1]raw_data!M:M,[1]raw_data!$A:$A,$B78) -> 155.14543 | R78: =SUMIFS([1]raw_data!N:N,[1]raw_data!$A:$A,$B78) -> 0.81329562 | S78: =SUMIFS([1]raw_data!O:O,[1]raw_data!$A:$A,$B78) -> 121.80611 | T78: =SUMIFS([1]raw_data!P:P,[1]raw_data!$A:$A,$B78) -> 0.47058824 | U78: =SUMIFS([1]raw_data!Q:Q,[1]raw_data!$A:$A,$B78) -> 87.389327 | V78: =SUMIFS([1]raw_data!R:R,[1]raw_data!$A:$A,$B78) -> 0.45053476 | W78: =SUMIFS([1]raw_data!S:S,[1]raw_data!$A:$A,$B78) -> 166.92498 | X78: =SUMIFS([1]raw_data!T:T,[1]raw_data!$A:$A,$B78) -> 0.2092415 | Y78: =SUMIFS([1]raw_data!U:U,[1]raw_data!$A:$A,$B78) -> 107.91797 | Z78: =SUMIFS([1]raw_data!V:V,[1]raw_data!$A:$A,$B78) -> 0.14646905 | AA78: =(I78+M78+Q78+U78+Y78)/5 -> 126.18287
B79: 001902 | C79: ROBERTS STREET | D79: DETTMAN | E79: Jackson | F79: =IFERROR(INDEX([1]raw_data!B:B,MATCH('SAIDI excl MEDs sort (5-yr avg)'!B125,[1]raw_data!A:A,0)),0) -> 749.8 | G79: =SUMIFS([1]raw_data!C:C,[1]raw_data!$A:$A,$B79) -> 6296.8697 | H79: =SUMIFS([1]raw_data!D:D,[1]raw_data!$A:$A,$B79) -> 2.1173333 | I79: =SUMIFS([1]raw_data!E:E,[1]raw_data!$A:$A,$B79) -> 14.162353 | J79: =SUMIFS([1]raw_data!F:F,[1]raw_data!$A:$A,$B79) -> 0.10133333 | K79: =SUMIFS([1]raw_data!G:G,[1]raw_data!$A:$A,$B79) -> 4.158891 | L79: =SUMIFS([1]raw_data!H:H,[1]raw_data!$A:$A,$B79) -> 0.02690583 | M79: =SUMIFS([1]raw_data!I:I,[1]raw_data!$A:$A,$B79) -> 1.772801 | N79: =SUMIFS([1]raw_data!J:J,[1]raw_data!$A:$A,$B79) -> 0.026008969 | O79: =SUMIFS([1]raw_data!K:K,[1]raw_data!$A:$A,$B79) -> 312.66087 | P79: =SUMIFS([1]raw_data!L:L,[1]raw_data!$A:$A,$B79) -> 2.1596413 | Q79: =SUMIFS([1]raw_data!M:M,[1]raw_data!$A:$A,$B79) -> 312.59559 | R79: =SUMIFS([1]raw_data!N:N,[1]raw_data!$A:$A,$B79) -> 2.1587444 | S79: =SUMIFS([1]raw_data!O:O,[1]raw_data!$A:$A,$B79) -> 279.62683 | T79: =SUMIFS([1]raw_data!P:P,[1]raw_data!$A:$A,$B79) -> 2.5501355 | U79: =SUMIFS([1]raw_data!Q:Q,[1]raw_data!$A:$A,$B79) -> 276.26436 | V79: =SUMIFS([1]raw_data!R:R,[1]raw_data!$A:$A,$B79) -> 2.5311653 | W79: =SUMIFS([1]raw_data!S:S,[1]raw_data!$A:$A,$B79) -> 33.200211 | X79: =SUMIFS([1]raw_data!T:T,[1]raw_data!$A:$A,$B79) -> 1.0654545 | Y79: =SUMIFS([1]raw_data!U:U,[1]raw_data!$A:$A,$B79) -> 15.319984 | Z79: =SUMIFS([1]raw_data!V:V,[1]raw_data!$A:$A,$B79) -> 1.0536364 | AA79: =(I79+M79+Q79+U79+Y79)/5 -> 124.02302
B80: 049202 | C80: HASKELITE | D80: RICHMOND | E80: Grand Rapids | F80: =IFERROR(INDEX([1]raw_data!B:B,MATCH('SAIDI excl MEDs sort (5-yr avg)'!B36,[1]raw_data!A:A,0)),0) -> 1019.5 | G80: =SUMIFS([1]raw_data!C:C,[1]raw_data!$A:$A,$B80) -> 183.72536 | H80: =SUMIFS([1]raw_data!D:D,[1]raw_data!$A:$A,$B80) -> 1.0299786 | I80: =SUMIFS([1]raw_data!E:E,[1]raw_data!$A:$A,$B80) -> 183.72536 | J80: =SUMIFS([1]raw_data!F:F,[1]raw_data!$A:$A,$B80) -> 1.0299786 | K80: =SUMIFS([1]raw_data!G:G,[1]raw_data!$A:$A,$B80) -> 186.65246 | L80: =SUMIFS([1]raw_data!H:H,[1]raw_data!$A:$A,$B80) -> 2.0873563 | M80: =SUMIFS([1]raw_data!I:I,[1]raw_data!$A:$A,$B80) -> 186.65246 | N80: =SUMIFS([1]raw_data!J:J,[1]raw_data!$A:$A,$B80) -> 2.0873563 | O80: =SUMIFS([1]raw_data!K:K,[1]raw_data!$A:$A,$B80) -> 46.204503 | P80: =SUMIFS([1]raw_data!L:L,[1]raw_data!$A:$A,$B80) -> 0.18360277 | Q80: =SUMIFS([1]raw_data!M:M,[1]raw_data!$A:$A,$B80) -> 13.192725 | R80: =SUMIFS([1]raw_data!N:N,[1]raw_data!$A:$A,$B80) -> 0.16974596 | S80: =SUMIFS([1]raw_data!O:O,[1]raw_data!$A:$A,$B80) -> 14.687402 | T80: =SUMIFS([1]raw_data!P:P,[1]raw_data!$A:$A,$B80) -> 0.11574074 | U80: =SUMIFS([1]raw_data!Q:Q,[1]raw_data!$A:$A,$B80) -> 11.318074 | V80: =SUMIFS([1]raw_data!R:R,[1]raw_data!$A:$A,$B80) -> 0.09837963 | W80: =SUMIFS([1]raw_data!S:S,[1]raw_data!$A:$A,$B80) -> 1802.5743 | X80: =SUMIFS([1]raw_data!T:T,[1]raw_data!$A:$A,$B80) -> 2.2831633 | Y80: =SUMIFS([1]raw_data!U:U,[1]raw_data!$A:$A,$B80) -> 216.7564 | Z80: =SUMIFS([1]raw_data!V:V,[1]raw_data!$A:$A,$B80) -> 1.2461735 | AA80: =(I80+M80+Q80+U80+Y80)/5 -> 122.329
B81: 075705 | C81: MAPLE GROVE | D81: WESTGATE | E81: Muskegon | F81: =IFERROR(INDEX([1]raw_data!B:B,MATCH('SAIDI excl MEDs sort (5-yr avg)'!B135,[1]raw_data!A:A,0)),0) -> 902.2 | G81: =SUMIFS([1]raw_data!C:C,[1]raw_data!$A:$A,$B81) -> 38.566455 | H81: =SUMIFS([1]raw_data!D:D,[1]raw_data!$A:$A,$B81) -> 0.13235294 | I81: =SUMIFS([1]raw_data!E:E,[1]raw_data!$A:$A,$B81) -> 11.283588 | J81: =SUMIFS([1]raw_data!F:F,[1]raw_data!$A:$A,$B81) -> 0.11229947 | K81: =SUMIFS([1]raw_data!G:G,[1]raw_data!$A:$A,$B81) -> 183.74451 | L81: =SUMIFS([1]raw_data!H:H,[1]raw_data!$A:$A,$B81) -> 1.0691995 | M81: =SUMIFS([1]raw_data!I:I,[1]raw_data!$A:$A,$B81) -> 181.93978 | N81: =SUMIFS([1]raw_data!J:J,[1]raw_data!$A:$A,$B81) -> 1.063772 | O81: =SUMIFS([1]raw_data!K:K,[1]raw_data!$A:$A,$B81) -> 176.87115 | P81: =SUMIFS([1]raw_data!L:L,[1]raw_data!$A:$A,$B81) -> 1.2228261 | Q81: =SUMIFS([1]raw_data!M:M,[1]raw_data!$A:$A,$B81) -> 176.87115 | R81: =SUMIFS([1]raw_data!N:N,[1]raw_data!$A:$A,$B81) -> 1.2228261 | S81: =SUMIFS([1]raw_data!O:O,[1]raw_data!$A:$A,$B81) -> 315.24897 | T81: =SUMIFS([1]raw_data!P:P,[1]raw_data!$A:$A,$B81) -> 2.4644809 | U81: =SUMIFS([1]raw_data!Q:Q,[1]raw_data!$A:$A,$B81) -> 120.69365 | V81: =SUMIFS([1]raw_data!R:R,[1]raw_data!$A:$A,$B81) -> 1.6639344 | W81: =SUMIFS([1]raw_data!S:S,[1]raw_data!$A:$A,$B81) -> 122.19408 | X81: =SUMIFS([1]raw_data!T:T,[1]raw_data!$A:$A,$B81) -> 1.0310391 | Y81: =SUMIFS([1]raw_data!U:U,[1]raw_data!$A:$A,$B81) -> 111.83425 | Z81: =SUMIFS([1]raw_data!V:V,[1]raw_data!$A:$A,$B81) -> 1.0121457 | AA81: =(I81+M81+Q81+U81+Y81)/5 -> 120.52448
B82: 041303 | C82: TERRACE | D82: SPRING | E82: Muskegon | F82: =IFERROR(INDEX([1]raw_data!B:B,MATCH('SAIDI excl MEDs sort (5-yr avg)'!B56,[1]raw_data!A:A,0)),0) -> 774 | G82: =SUMIFS([1]raw_data!C:C,[1]raw_data!$A:$A,$B82) -> 121.64118 | H82: =SUMIFS([1]raw_data!D:D,[1]raw_data!$A:$A,$B82) -> 1.0914826 | I82: =SUMIFS([1]raw_data!E:E,[1]raw_data!$A:$A,$B82) -> 121.64118 | J82: =SUMIFS([1]raw_data!F:F,[1]raw_data!$A:$A,$B82) -> 1.0914826 | K82: =SUMIFS([1]raw_data!G:G,[1]raw_data!$A:$A,$B82) -> 18.006824 | L82: =SUMIFS([1]raw_data!H:H,[1]raw_data!$A:$A,$B82) -> 0.19955407 | M82: =SUMIFS([1]raw_data!I:I,[1]raw_data!$A:$A,$B82) -> 18.006824 | N82: =SUMIFS([1]raw_data!J:J,[1]raw_data!$A:$A,$B82) -> 0.19955407 | O82: =SUMIFS([1]raw_data!K:K,[1]raw_data!$A:$A,$B82) -> 588.98584 | P82: =SUMIFS([1]raw_data!L:L,[1]raw_data!$A:$A,$B82) -> 2.0569196 | Q82: =SUMIFS([1]raw_data!M:M,[1]raw_data!$A:$A,$B82) -> 433.3042 | R82: =SUMIFS([1]raw_data!N:N,[1]raw_data!$A:$A,$B82) -> 1.6953125 | S82: =SUMIFS([1]raw_data!O:O,[1]raw_data!$A:$A,$B82) -> 15.968043 | T82: =SUMIFS([1]raw_data!P:P,[1]raw_data!$A:$A,$B82) -> 0.2109375 | U82: =SUMIFS([1]raw_data!Q:Q,[1]raw_data!$A:$A,$B82) -> 15.77952 | V82: =SUMIFS([1]raw_data!R:R,[1]raw_data!$A:$A,$B82) -> 0.20982143 | W82: =SUMIFS([1]raw_data!S:S,[1]raw_data!$A:$A,$B82) -> 481.26653 | X82: =SUMIFS([1]raw_data!T:T,[1]raw_data!$A:$A,$B82) -> 0.22031963 | Y82: =SUMIFS([1]raw_data!U:U,[1]raw_data!$A:$A,$B82) -> 11.024885 | Z82: =SUMIFS([1]raw_data!V:V,[1]raw_data!$A:$A,$B82) -> 0.090182648 | AA82: =(I82+M82+Q82+U82+Y82)/5 -> 119.95132
B83: 036004 | C83: LIBERTY | D83: LIBERTY | E83: Battle Creek | F83: =IFERROR(INDEX([1]raw_data!B:B,MATCH('SAIDI excl MEDs sort (5-yr avg)'!B84,[1]raw_data!A:A,0)),0) -> 981.6 | G83: =SUMIFS([1]raw_data!C:C,[1]raw_data!$A:$A,$B83) -> 69.209193 | H83: =SUMIFS([1]raw_data!D:D,[1]raw_data!$A:$A,$B83) -> 0.78995434 | I83: =SUMIFS([1]raw_data!E:E,[1]raw_data!$A:$A,$B83) -> 66.254829 | J83: =SUMIFS([1]raw_data!F:F,[1]raw_data!$A:$A,$B83) -> 0.78538813 | K83: =SUMIFS([1]raw_data!G:G,[1]raw_data!$A:$A,$B83) -> 326.67781 | L83: =SUMIFS([1]raw_data!H:H,[1]raw_data!$A:$A,$B83) -> 2.0022779 | M83: =SUMIFS([1]raw_data!I:I,[1]raw_data!$A:$A,$B83) -> 313.48558 | N83: =SUMIFS([1]raw_data!J:J,[1]raw_data!$A:$A,$B83) -> 1.9977221 | O83: =SUMIFS([1]raw_data!K:K,[1]raw_data!$A:$A,$B83) -> 3.341972 | P83: =SUMIFS([1]raw_data!L:L,[1]raw_data!$A:$A,$B83) -> 0.004587156 | Q83: =SUMIFS([1]raw_data!M:M,[1]raw_data!$A:$A,$B83) -> 0.74935 | R83: =SUMIFS([1]raw_data!N:N,[1]raw_data!$A:$A,$B83) -> 0.002293578 | S83: =SUMIFS([1]raw_data!O:O,[1]raw_data!$A:$A,$B83) -> 2717.7718 | T83: =SUMIFS([1]raw_data!P:P,[1]raw_data!$A:$A,$B83) -> 1.5463183 | U83: =SUMIFS([1]raw_data!Q:Q,[1]raw_data!$A:$A,$B83) -> 106.88891 | V83: =SUMIFS([1]raw_data!R:R,[1]raw_data!$A:$A,$B83) -> 0.45605701 | W83: =SUMIFS([1]raw_data!S:S,[1]raw_data!$A:$A,$B83) -> 102.4583 | X83: =SUMIFS([1]raw_data!T:T,[1]raw_data!$A:$A,$B83) -> 1.0179372 | Y83: =SUMIFS([1]raw_data!U:U,[1]raw_data!$A:$A,$B83) -> 102.1926 | Z83: =SUMIFS([1]raw_data!V:V,[1]raw_data!$A:$A,$B83) -> 1.0134529 | AA83: =(I83+M83+Q83+U83+Y83)/5 -> 117.91425
B84: 115902 | C84: BALLENGER | D84: SALISBURY | E84: Flint | F84: =IFERROR(INDEX([1]raw_data!B:B,MATCH('SAIDI excl MEDs sort (5-yr avg)'!B20,[1]raw_data!A:A,0)),0) -> 1560.2 | G84: =SUMIFS([1]raw_data!C:C,[1]raw_data!$A:$A,$B84) -> 388.61619 | H84: =SUMIFS([1]raw_data!D:D,[1]raw_data!$A:$A,$B84) -> 2.2176656 | I84: =SUMIFS([1]raw_data!E:E,[1]raw_data!$A:$A,$B84) -> 322.52865 | J84: =SUMIFS([1]raw_data!F:F,[1]raw_data!$A:$A,$B84) -> 2.1945321 | K84: =SUMIFS([1]raw_data!G:G,[1]raw_data!$A:$A,$B84) -> 178.00279 | L84: =SUMIFS([1]raw_data!H:H,[1]raw_data!$A:$A,$B84) -> 0.32526316 | M84: =SUMIFS([1]raw_data!I:I,[1]raw_data!$A:$A,$B84) -> 112.89332 | N84: =SUMIFS([1]raw_data!J:J,[1]raw_data!$A:$A,$B84) -> 0.27578947 | O84: =SUMIFS([1]raw_data!K:K,[1]raw_data!$A:$A,$B84) -> 220.11003 | P84: =SUMIFS([1]raw_data!L:L,[1]raw_data!$A:$A,$B84) -> 0.72983871 | Q84: =SUMIFS([1]raw_data!M:M,[1]raw_data!$A:$A,$B84) -> 68.167876 | R84: =SUMIFS([1]raw_data!N:N,[1]raw_data!$A:$A,$B84) -> 0.3266129 | S84: =SUMIFS([1]raw_data!O:O,[1]raw_data!$A:$A,$B84) -> 68.234649 | T84: =SUMIFS([1]raw_data!P:P,[1]raw_data!$A:$A,$B84) -> 0.21463415 | U84: =SUMIFS([1]raw_data!Q:Q,[1]raw_data!$A:$A,$B84) -> 57.966357 | V84: =SUMIFS([1]raw_data!R:R,[1]raw_data!$A:$A,$B84) -> 0.19512195 | W84: =SUMIFS([1]raw_data!S:S,[1]raw_data!$A:$A,$B84) -> 71.103854 | X84: =SUMIFS([1]raw_data!T:T,[1]raw_data!$A:$A,$B84) -> 0.3020202 | Y84: =SUMIFS([1]raw_data!U:U,[1]raw_data!$A:$A,$B84) -> 27.511683 | Z84: =SUMIFS([1]raw_data!V:V,[1]raw_data!$A:$A,$B84) -> 0.17575758 | AA84: =(I84+M84+Q84+U84+Y84)/5 -> 117.81358
B85: 106503 | C85: FOURTEENTH STREET | D85: LIBERTY STREET | E85: Flint | F85: =IFERROR(INDEX([1]raw_data!B:B,MATCH('SAIDI excl MEDs sort (5-yr avg)'!B88,[1]raw_data!A:A,0)),0) -> 821 | G85: =SUMIFS([1]raw_data!C:C,[1]raw_data!$A:$A,$B85) -> 72.150524 | H85: =SUMIFS([1]raw_data!D:D,[1]raw_data!$A:$A,$B85) -> 0.17409766 | I85: =SUMIFS([1]raw_data!E:E,[1]raw_data!$A:$A,$B85) -> 60.521689 | J85: =SUMIFS([1]raw_data!F:F,[1]raw_data!$A:$A,$B85) -> 0.15852795 | K85: =SUMIFS([1]raw_data!G:G,[1]raw_data!$A:$A,$B85) -> 458.9327 | L85: =SUMIFS([1]raw_data!H:H,[1]raw_data!$A:$A,$B85) -> 0.48343904 | M85: =SUMIFS([1]raw_data!I:I,[1]raw_data!$A:$A,$B85) -> 51.187963 | N85: =SUMIFS([1]raw_data!J:J,[1]raw_data!$A:$A,$B85) -> 0.17477097 | O85: =SUMIFS([1]raw_data!K:K,[1]raw_data!$A:$A,$B85) -> 107.01209 | P85: =SUMIFS([1]raw_data!L:L,[1]raw_data!$A:$A,$B85) -> 0.25123153 | Q85: =SUMIFS([1]raw_data!M:M,[1]raw_data!$A:$A,$B85) -> 49.510579 | R85: =SUMIFS([1]raw_data!N:N,[1]raw_data!$A:$A,$B85) -> 0.22378607 | S85: =SUMIFS([1]raw_data!O:O,[1]raw_data!$A:$A,$B85) -> 392.97302 | T85: =SUMIFS([1]raw_data!P:P,[1]raw_data!$A:$A,$B85) -> 2.6547055 | U85: =SUMIFS([1]raw_data!Q:Q,[1]raw_data!$A:$A,$B85) -> 357.43758 | V85: =SUMIFS([1]raw_data!R:R,[1]raw_data!$A:$A,$B85) -> 2.5890318 | W85: =SUMIFS([1]raw_data!S:S,[1]raw_data!$A:$A,$B85) -> 54.318731 | X85: =SUMIFS([1]raw_data!T:T,[1]raw_data!$A:$A,$B85) -> 0.27024609 | Y85: =SUMIFS([1]raw_data!U:U,[1]raw_data!$A:$A,$B85) -> 51.20768 | Z85: =SUMIFS([1]raw_data!V:V,[1]raw_data!$A:$A,$B85) -> 0.26666667 | AA85: =(I85+M85+Q85+U85+Y85)/5 -> 113.9731
B86: 106502 | C86: FOURTEENTH STREET | D86: LIPPINCOTT STREET | E86: Flint | F86: =IFERROR(INDEX([1]raw_data!B:B,MATCH('SAIDI excl MEDs sort (5-yr avg)'!B85,[1]raw_data!A:A,0)),0) -> 1593 | G86: =SUMIFS([1]raw_data!C:C,[1]raw_data!$A:$A,$B86) -> 93.087142 | H86: =SUMIFS([1]raw_data!D:D,[1]raw_data!$A:$A,$B86) -> 0.36275375 | I86: =SUMIFS([1]raw_data!E:E,[1]raw_data!$A:$A,$B86) -> 65.845153 | J86: =SUMIFS([1]raw_data!F:F,[1]raw_data!$A:$A,$B86) -> 0.33539276 | K86: =SUMIFS([1]raw_data!G:G,[1]raw_data!$A:$A,$B86) -> 93.868274 | L86: =SUMIFS([1]raw_data!H:H,[1]raw_data!$A:$A,$B86) -> 0.34008811 | M86: =SUMIFS([1]raw_data!I:I,[1]raw_data!$A:$A,$B86) -> 90.564099 | N86: =SUMIFS([1]raw_data!J:J,[1]raw_data!$A:$A,$B86) -> 0.33744493 | O86: =SUMIFS([1]raw_data!K:K,[1]raw_data!$A:$A,$B86) -> 376.85111 | P86: =SUMIFS([1]raw_data!L:L,[1]raw_data!$A:$A,$B86) -> 0.8178634 | Q86: =SUMIFS([1]raw_data!M:M,[1]raw_data!$A:$A,$B86) -> 150.84085 | R86: =SUMIFS([1]raw_data!N:N,[1]raw_data!$A:$A,$B86) -> 0.68301226 | S86: =SUMIFS([1]raw_data!O:O,[1]raw_data!$A:$A,$B86) -> 86.393838 | T86: =SUMIFS([1]raw_data!P:P,[1]raw_data!$A:$A,$B86) -> 0.38841567 | U86: =SUMIFS([1]raw_data!Q:Q,[1]raw_data!$A:$A,$B86) -> 38.112464 | V86: =SUMIFS([1]raw_data!R:R,[1]raw_data!$A:$A,$B86) -> 0.30238501 | W86: =SUMIFS([1]raw_data!S:S,[1]raw_data!$A:$A,$B86) -> 228.65927 | X86: =SUMIFS([1]raw_data!T:T,[1]raw_data!$A:$A,$B86) -> 1.8721098 | Y86: =SUMIFS([1]raw_data!U:U,[1]raw_data!$A:$A,$B86) -> 224.19324 | Z86: =SUMIFS([1]raw_data!V:V,[1]raw_data!$A:$A,$B86) -> 1.859104 | AA86: =(I86+M86+Q86+U86+Y86)/5 -> 113.91116
B87: 090803 | C87: OAK STREET | D87: STATE STREET | E87: Jackson | F87: =IFERROR(INDEX([1]raw_data!B:B,MATCH('SAIDI excl MEDs sort (5-yr avg)'!B49,[1]raw_data!A:A,0)),0) -> 912.11111 | G87: =SUMIFS([1]raw_data!C:C,[1]raw_data!$A:$A,$B87) -> 3005.0358 | H87: =SUMIFS([1]raw_data!D:D,[1]raw_data!$A:$A,$B87) -> 1.8022329 | I87: =SUMIFS([1]raw_data!E:E,[1]raw_data!$A:$A,$B87) -> 141.62905 | J87: =SUMIFS([1]raw_data!F:F,[1]raw_data!$A:$A,$B87) -> 1.0382775 | K87: =SUMIFS([1]raw_data!G:G,[1]raw_data!$A:$A,$B87) -> 254.79815 | L87: =SUMIFS([1]raw_data!H:H,[1]raw_data!$A:$A,$B87) -> 2.3548896 | M87: =SUMIFS([1]raw_data!I:I,[1]raw_data!$A:$A,$B87) -> 155.10763 | N87: =SUMIFS([1]raw_data!J:J,[1]raw_data!$A:$A,$B87) -> 2.3264984 | O87: =SUMIFS([1]raw_data!K:K,[1]raw_data!$A:$A,$B87) -> 1432.3867 | P87: =SUMIFS([1]raw_data!L:L,[1]raw_data!$A:$A,$B87) -> 1.093207 | Q87: =SUMIFS([1]raw_data!M:M,[1]raw_data!$A:$A,$B87) -> 5.275223 | R87: =SUMIFS([1]raw_data!N:N,[1]raw_data!$A:$A,$B87) -> 0.093206951 | S87: =SUMIFS([1]raw_data!O:O,[1]raw_data!$A:$A,$B87) -> 13.513412 | T87: =SUMIFS([1]raw_data!P:P,[1]raw_data!$A:$A,$B87) -> 0.065079365 | U87: =SUMIFS([1]raw_data!Q:Q,[1]raw_data!$A:$A,$B87) -> 13.513412 | V87: =SUMIFS([1]raw_data!R:R,[1]raw_data!$A:$A,$B87) -> 0.065079365 | W87: =SUMIFS([1]raw_data!S:S,[1]raw_data!$A:$A,$B87) -> 263.51993 | X87: =SUMIFS([1]raw_data!T:T,[1]raw_data!$A:$A,$B87) -> 1.1621622 | Y87: =SUMIFS([1]raw_data!U:U,[1]raw_data!$A:$A,$B87) -> 253.63545 | Z87: =SUMIFS([1]raw_data!V:V,[1]raw_data!$A:$A,$B87) -> 1.0985692 | AA87: =(I87+M87+Q87+U87+Y87)/5 -> 113.83215
B88: 053802 | C88: COURT | D88: KENT | E88: Flint | F88: =IFERROR(INDEX([1]raw_data!B:B,MATCH('SAIDI excl MEDs sort (5-yr avg)'!B120,[1]raw_data!A:A,0)),0) -> 2042 | G88: =SUMIFS([1]raw_data!C:C,[1]raw_data!$A:$A,$B88) -> 24.284273 | H88: =SUMIFS([1]raw_data!D:D,[1]raw_data!$A:$A,$B88) -> 0.11165049 | I88: =SUMIFS([1]raw_data!E:E,[1]raw_data!$A:$A,$B88) -> 20.623398 | J88: =SUMIFS([1]raw_data!F:F,[1]raw_data!$A:$A,$B88) -> 0.10194175 | K88: =SUMIFS([1]raw_data!G:G,[1]raw_data!$A:$A,$B88) -> 94.97202 | L88: =SUMIFS([1]raw_data!H:H,[1]raw_data!$A:$A,$B88) -> 0.48677885 | M88: =SUMIFS([1]raw_data!I:I,[1]raw_data!$A:$A,$B88) -> 91.540704 | N88: =SUMIFS([1]raw_data!J:J,[1]raw_data!$A:$A,$B88) -> 0.484375 | O88: =SUMIFS([1]raw_data!K:K,[1]raw_data!$A:$A,$B88) -> 1008.2357 | P88: =SUMIFS([1]raw_data!L:L,[1]raw_data!$A:$A,$B88) -> 1.9255702 | Q88: =SUMIFS([1]raw_data!M:M,[1]raw_data!$A:$A,$B88) -> 201.95022 | R88: =SUMIFS([1]raw_data!N:N,[1]raw_data!$A:$A,$B88) -> 1.304922 | S88: =SUMIFS([1]raw_data!O:O,[1]raw_data!$A:$A,$B88) -> 200.83444 | T88: =SUMIFS([1]raw_data!P:P,[1]raw_data!$A:$A,$B88) -> 1.8751561 | U88: =SUMIFS([1]raw_data!Q:Q,[1]raw_data!$A:$A,$B88) -> 200.83444 | V88: =SUMIFS([1]raw_data!R:R,[1]raw_data!$A:$A,$B88) -> 1.8751561 | W88: =SUMIFS([1]raw_data!S:S,[1]raw_data!$A:$A,$B88) -> 49.060703 | X88: =SUMIFS([1]raw_data!T:T,[1]raw_data!$A:$A,$B88) -> 0.12670807 | Y88: =SUMIFS([1]raw_data!U:U,[1]raw_data!$A:$A,$B88) -> 43.734265 | Z88: =SUMIFS([1]raw_data!V:V,[1]raw_data!$A:$A,$B88) -> 0.10062112 | AA88: =(I88+M88+Q88+U88+Y88)/5 -> 111.7366
B89: 060701 | C89: GETTY | D89: MARQUETTE | E89: Muskegon | F89: =IFERROR(INDEX([1]raw_data!B:B,MATCH('SAIDI excl MEDs sort (5-yr avg)'!B79,[1]raw_data!A:A,0)),0) -> 1112.4 | G89: =SUMIFS([1]raw_data!C:C,[1]raw_data!$A:$A,$B89) -> 509.27408 | H89: =SUMIFS([1]raw_data!D:D,[1]raw_data!$A:$A,$B89) -> 1.209512 | I89: =SUMIFS([1]raw_data!E:E,[1]raw_data!$A:$A,$B89) -> 69.294264 | J89: =SUMIFS([1]raw_data!F:F,[1]raw_data!$A:$A,$B89) -> 0.9207336 | K89: =SUMIFS([1]raw_data!G:G,[1]raw_data!$A:$A,$B89) -> 15.060185 | L89: =SUMIFS([1]raw_data!H:H,[1]raw_data!$A:$A,$B89) -> 0.088327091 | M89: =SUMIFS([1]raw_data!I:I,[1]raw_data!$A:$A,$B89) -> 14.264575 | N89: =SUMIFS([1]raw_data!J:J,[1]raw_data!$A:$A,$B89) -> 0.086142322 | O89: =SUMIFS([1]raw_data!K:K,[1]raw_data!$A:$A,$B89) -> 310.02069 | P89: =SUMIFS([1]raw_data!L:L,[1]raw_data!$A:$A,$B89) -> 1.643707 | Q89: =SUMIFS([1]raw_data!M:M,[1]raw_data!$A:$A,$B89) -> 111.80522 | R89: =SUMIFS([1]raw_data!N:N,[1]raw_data!$A:$A,$B89) -> 1.4849718 | S89: =SUMIFS([1]raw_data!O:O,[1]raw_data!$A:$A,$B89) -> 324.82834 | T89: =SUMIFS([1]raw_data!P:P,[1]raw_data!$A:$A,$B89) -> 3.7232645 | U89: =SUMIFS([1]raw_data!Q:Q,[1]raw_data!$A:$A,$B89) -> 324.82834 | V89: =SUMIFS([1]raw_data!R:R,[1]raw_data!$A:$A,$B89) -> 3.7232645 | W89: =SUMIFS([1]raw_data!S:S,[1]raw_data!$A:$A,$B89) -> 80.090874 | X89: =SUMIFS([1]raw_data!T:T,[1]raw_data!$A:$A,$B89) -> 0.17250079 | Y89: =SUMIFS([1]raw_data!U:U,[1]raw_data!$A:$A,$B89) -> 36.606138 | Z89: =SUMIFS([1]raw_data!V:V,[1]raw_data!$A:$A,$B89) -> 0.15137181 | AA89: =(I89+M89+Q89+U89+Y89)/5 -> 111.35971
B90: 054801 | C90: LEONARD | D90: IONIA | E90: Grand Rapids | F90: =IFERROR(INDEX([1]raw_data!B:B,MATCH('SAIDI excl MEDs sort (5-yr avg)'!B93,[1]raw_data!A:A,0)),0) -> 142.375 | G90: =SUMIFS([1]raw_data!C:C,[1]raw_data!$A:$A,$B90) -> 87.92584 | H90: =SUMIFS([1]raw_data!D:D,[1]raw_data!$A:$A,$B90) -> 0.29869236 | I90: =SUMIFS([1]raw_data!E:E,[1]raw_data!$A:$A,$B90) -> 55.82342 | J90: =SUMIFS([1]raw_data!F:F,[1]raw_data!$A:$A,$B90) -> 0.19614591 | K90: =SUMIFS([1]raw_data!G:G,[1]raw_data!$A:$A,$B90) -> 434.41703 | L90: =SUMIFS([1]raw_data!H:H,[1]raw_data!$A:$A,$B90) -> 3.8802065 | M90: =SUMIFS([1]raw_data!I:I,[1]raw_data!$A:$A,$B90) -> 399.8267 | N90: =SUMIFS([1]raw_data!J:J,[1]raw_data!$A:$A,$B90) -> 3.827883 | O90: =SUMIFS([1]raw_data!K:K,[1]raw_data!$A:$A,$B90) -> 76.565529 | P90: =SUMIFS([1]raw_data!L:L,[1]raw_data!$A:$A,$B90) -> 0.25792011 | Q90: =SUMIFS([1]raw_data!M:M,[1]raw_data!$A:$A,$B90) -> 34.744444 | R90: =SUMIFS([1]raw_data!N:N,[1]raw_data!$A:$A,$B90) -> 0.21212121 | S90: =SUMIFS([1]raw_data!O:O,[1]raw_data!$A:$A,$B90) -> 47.518857 | T90: =SUMIFS([1]raw_data!P:P,[1]raw_data!$A:$A,$B90) -> 0.60144928 | U90: =SUMIFS([1]raw_data!Q:Q,[1]raw_data!$A:$A,$B90) -> 46.616057 | V90: =SUMIFS([1]raw_data!R:R,[1]raw_data!$A:$A,$B90) -> 0.59247757 | W90: =SUMIFS([1]raw_data!S:S,[1]raw_data!$A:$A,$B90) -> 275.80033 | X90: =SUMIFS([1]raw_data!T:T,[1]raw_data!$A:$A,$B90) -> 0.46471601 | Y90: =SUMIFS([1]raw_data!U:U,[1]raw_data!$A:$A,$B90) -> 14.989644 | Z90: =SUMIFS([1]raw_data!V:V,[1]raw_data!$A:$A,$B90) -> 0.17555938 | AA90: =(I90+M90+Q90+U90+Y90)/5 -> 110.40005
B91: 023503 | C91: BEALS ROAD | D91: CLYDE PARK | E91: Grand Rapids | F91: =IFERROR(INDEX([1]raw_data!B:B,MATCH('SAIDI excl MEDs sort (5-yr avg)'!B65,[1]raw_data!A:A,0)),0) -> 988.75 | G91: =SUMIFS([1]raw_data!C:C,[1]raw_data!$A:$A,$B91) -> 101.63707 | H91: =SUMIFS([1]raw_data!D:D,[1]raw_data!$A:$A,$B91) -> 0.98657718 | I91: =SUMIFS([1]raw_data!E:E,[1]raw_data!$A:$A,$B91) -> 101.42987 | J91: =SUMIFS([1]raw_data!F:F,[1]raw_data!$A:$A,$B91) -> 0.97081996 | K91: =SUMIFS([1]raw_data!G:G,[1]raw_data!$A:$A,$B91) -> 203.1614 | L91: =SUMIFS([1]raw_data!H:H,[1]raw_data!$A:$A,$B91) -> 1.1744731 | M91: =SUMIFS([1]raw_data!I:I,[1]raw_data!$A:$A,$B91) -> 198.40013 | N91: =SUMIFS([1]raw_data!J:J,[1]raw_data!$A:$A,$B91) -> 1.1633489 | O91: =SUMIFS([1]raw_data!K:K,[1]raw_data!$A:$A,$B91) -> 179.17144 | P91: =SUMIFS([1]raw_data!L:L,[1]raw_data!$A:$A,$B91) -> 1.0464776 | Q91: =SUMIFS([1]raw_data!M:M,[1]raw_data!$A:$A,$B91) -> 75.459373 | R91: =SUMIFS([1]raw_data!N:N,[1]raw_data!$A:$A,$B91) -> 1.0078924 | S91: =SUMIFS([1]raw_data!O:O,[1]raw_data!$A:$A,$B91) -> 47.53884 | T91: =SUMIFS([1]raw_data!P:P,[1]raw_data!$A:$A,$B91) -> 0.23657176 | U91: =SUMIFS([1]raw_data!Q:Q,[1]raw_data!$A:$A,$B91) -> 44.916612 | V91: =SUMIFS([1]raw_data!R:R,[1]raw_data!$A:$A,$B91) -> 0.22835339 | W91: =SUMIFS([1]raw_data!S:S,[1]raw_data!$A:$A,$B91) -> 158.50875 | X91: =SUMIFS([1]raw_data!T:T,[1]raw_data!$A:$A,$B91) -> 1.3476078 | Y91: =SUMIFS([1]raw_data!U:U,[1]raw_data!$A:$A,$B91) -> 129.52325 | Z91: =SUMIFS([1]raw_data!V:V,[1]raw_data!$A:$A,$B91) -> 1.3360898 | AA91: =(I91+M91+Q91+U91+Y91)/5 -> 109.94585
B92: 017002 | C92: HARVEY STREET | D92: DIAMOND | E92: Grand Rapids | F92: =IFERROR(INDEX([1]raw_data!B:B,MATCH('SAIDI excl MEDs sort (5-yr avg)'!B14,[1]raw_data!A:A,0)),0) -> 26.571428 | G92: =SUMIFS([1]raw_data!C:C,[1]raw_data!$A:$A,$B92) -> 370.28032 | H92: =SUMIFS([1]raw_data!D:D,[1]raw_data!$A:$A,$B92) -> 1.4333754 | I92: =SUMIFS([1]raw_data!E:E,[1]raw_data!$A:$A,$B92) -> 348.78427 | J92: =SUMIFS([1]raw_data!F:F,[1]raw_data!$A:$A,$B92) -> 1.4106768 | K92: =SUMIFS([1]raw_data!G:G,[1]raw_data!$A:$A,$B92) -> 650.24718 | L92: =SUMIFS([1]raw_data!H:H,[1]raw_data!$A:$A,$B92) -> 1.13316 | M92: =SUMIFS([1]raw_data!I:I,[1]raw_data!$A:$A,$B92) -> 13.920087 | N92: =SUMIFS([1]raw_data!J:J,[1]raw_data!$A:$A,$B92) -> 0.1146736 | O92: =SUMIFS([1]raw_data!K:K,[1]raw_data!$A:$A,$B92) -> 15.90657 | P92: =SUMIFS([1]raw_data!L:L,[1]raw_data!$A:$A,$B92) -> 0.096755504 | Q92: =SUMIFS([1]raw_data!M:M,[1]raw_data!$A:$A,$B92) -> 10.523966 | R92: =SUMIFS([1]raw_data!N:N,[1]raw_data!$A:$A,$B92) -> 0.089803013 | S92: =SUMIFS([1]raw_data!O:O,[1]raw_data!$A:$A,$B92) -> 20.084383 | T92: =SUMIFS([1]raw_data!P:P,[1]raw_data!$A:$A,$B92) -> 0.087413369 | U92: =SUMIFS([1]raw_data!Q:Q,[1]raw_data!$A:$A,$B92) -> 7.930814 | V92: =SUMIFS([1]raw_data!R:R,[1]raw_data!$A:$A,$B92) -> 0.061927118 | W92: =SUMIFS([1]raw_data!S:S,[1]raw_data!$A:$A,$B92) -> 713.29551 | X92: =SUMIFS([1]raw_data!T:T,[1]raw_data!$A:$A,$B92) -> 2.1554646 | Y92: =SUMIFS([1]raw_data!U:U,[1]raw_data!$A:$A,$B92) -> 160.54548 | Z92: =SUMIFS([1]raw_data!V:V,[1]raw_data!$A:$A,$B92) -> 1.06955 | AA92: =(I92+M92+Q92+U92+Y92)/5 -> 108.34092
B93: 052301 | C93: WOOD STREET | D93: AVENUE A | E93: Flint | F93: =IFERROR(INDEX([1]raw_data!B:B,MATCH('SAIDI excl MEDs sort (5-yr avg)'!B80,[1]raw_data!A:A,0)),0) -> 854 | G93: =SUMIFS([1]raw_data!C:C,[1]raw_data!$A:$A,$B93) -> 69.03052 | H93: =SUMIFS([1]raw_data!D:D,[1]raw_data!$A:$A,$B93) -> 0.086330935 | I93: =SUMIFS([1]raw_data!E:E,[1]raw_data!$A:$A,$B93) -> 69.03052 | J93: =SUMIFS([1]raw_data!F:F,[1]raw_data!$A:$A,$B93) -> 0.086330935 | K93: =SUMIFS([1]raw_data!G:G,[1]raw_data!$A:$A,$B93) -> 202.09789 | L93: =SUMIFS([1]raw_data!H:H,[1]raw_data!$A:$A,$B93) -> 0.9084507 | M93: =SUMIFS([1]raw_data!I:I,[1]raw_data!$A:$A,$B93) -> 202.09789 | N93: =SUMIFS([1]raw_data!J:J,[1]raw_data!$A:$A,$B93) -> 0.9084507 | O93: =SUMIFS([1]raw_data!K:K,[1]raw_data!$A:$A,$B93) -> 190.42612 | P93: =SUMIFS([1]raw_data!L:L,[1]raw_data!$A:$A,$B93) -> 0.58156028 | Q93: =SUMIFS([1]raw_data!M:M,[1]raw_data!$A:$A,$B93) -> 161.00236 | R93: =SUMIFS([1]raw_data!N:N,[1]raw_data!$A:$A,$B93) -> 0.57446809 | S93: =SUMIFS([1]raw_data!O:O,[1]raw_data!$A:$A,$B93) -> 73.01607 | T93: =SUMIFS([1]raw_data!P:P,[1]raw_data!$A:$A,$B93) -> 1.1571429 | U93: =SUMIFS([1]raw_data!Q:Q,[1]raw_data!$A:$A,$B93) -> 24.631309 | V93: =SUMIFS([1]raw_data!R:R,[1]raw_data!$A:$A,$B93) -> 0.14285714 | W93: =SUMIFS([1]raw_data!S:S,[1]raw_data!$A:$A,$B93) -> 91.243693 | X93: =SUMIFS([1]raw_data!T:T,[1]raw_data!$A:$A,$B93) -> 0.22972973 | Y93: =SUMIFS([1]raw_data!U:U,[1]raw_data!$A:$A,$B93) -> 71.775225 | Z93: =SUMIFS([1]raw_data!V:V,[1]raw_data!$A:$A,$B93) -> 0.22297297 | AA93: =(I93+M93+Q93+U93+Y93)/5 -> 105.70746
B94: 021201 | C94: PHILLIPS | D94: ALCOTT | E94: Kalamazoo | F94: =IFERROR(INDEX([1]raw_data!B:B,MATCH('SAIDI excl MEDs sort (5-yr avg)'!B140,[1]raw_data!A:A,0)),0) -> 602.55556 | G94: =SUMIFS([1]raw_data!C:C,[1]raw_data!$A:$A,$B94) -> 1833.2577 | H94: =SUMIFS([1]raw_data!D:D,[1]raw_data!$A:$A,$B94) -> 0.88261851 | I94: =SUMIFS([1]raw_data!E:E,[1]raw_data!$A:$A,$B94) -> 8.218262 | J94: =SUMIFS([1]raw_data!F:F,[1]raw_data!$A:$A,$B94) -> 0.05116629 | K94: =SUMIFS([1]raw_data!G:G,[1]raw_data!$A:$A,$B94) -> 69.848995 | L94: =SUMIFS([1]raw_data!H:H,[1]raw_data!$A:$A,$B94) -> 0.21872659 | M94: =SUMIFS([1]raw_data!I:I,[1]raw_data!$A:$A,$B94) -> 46.858855 | N94: =SUMIFS([1]raw_data!J:J,[1]raw_data!$A:$A,$B94) -> 0.21048689 | O94: =SUMIFS([1]raw_data!K:K,[1]raw_data!$A:$A,$B94) -> 980.29364 | P94: =SUMIFS([1]raw_data!L:L,[1]raw_data!$A:$A,$B94) -> 1.5487256 | Q94: =SUMIFS([1]raw_data!M:M,[1]raw_data!$A:$A,$B94) -> 45.556421 | R94: =SUMIFS([1]raw_data!N:N,[1]raw_data!$A:$A,$B94) -> 0.37031484 | S94: =SUMIFS([1]raw_data!O:O,[1]raw_data!$A:$A,$B94) -> 365.8986 | T94: =SUMIFS([1]raw_data!P:P,[1]raw_data!$A:$A,$B94) -> 2.2677346 | U94: =SUMIFS([1]raw_data!Q:Q,[1]raw_data!$A:$A,$B94) -> 339.01078 | V94: =SUMIFS([1]raw_data!R:R,[1]raw_data!$A:$A,$B94) -> 2.2044241 | W94: =SUMIFS([1]raw_data!S:S,[1]raw_data!$A:$A,$B94) -> 165.41927 | X94: =SUMIFS([1]raw_data!T:T,[1]raw_data!$A:$A,$B94) -> 0.73801917 | Y94: =SUMIFS([1]raw_data!U:U,[1]raw_data!$A:$A,$B94) -> 85.247563 | Z94: =SUMIFS([1]raw_data!V:V,[1]raw_data!$A:$A,$B94) -> 0.68370607 | AA94: =(I94+M94+Q94+U94+Y94)/5 -> 104.97838
B95: 090303 | C95: LEE STREET | D95: CENTURY | E95: Grand Rapids | F95: =IFERROR(INDEX([1]raw_data!B:B,MATCH('SAIDI excl MEDs sort (5-yr avg)'!B27,[1]raw_data!A:A,0)),0) -> 808.33333 | G95: =SUMIFS([1]raw_data!C:C,[1]raw_data!$A:$A,$B95) -> 231.40357 | H95: =SUMIFS([1]raw_data!D:D,[1]raw_data!$A:$A,$B95) -> 0.98612316 | I95: =SUMIFS([1]raw_data!E:E,[1]raw_data!$A:$A,$B95) -> 230.53042 | J95: =SUMIFS([1]raw_data!F:F,[1]raw_data!$A:$A,$B95) -> 0.98178664 | K95: =SUMIFS([1]raw_data!G:G,[1]raw_data!$A:$A,$B95) -> 321.24315 | L95: =SUMIFS([1]raw_data!H:H,[1]raw_data!$A:$A,$B95) -> 0.85664639 | M95: =SUMIFS([1]raw_data!I:I,[1]raw_data!$A:$A,$B95) -> 50.377797 | N95: =SUMIFS([1]raw_data!J:J,[1]raw_data!$A:$A,$B95) -> 0.7141616 | O95: =SUMIFS([1]raw_data!K:K,[1]raw_data!$A:$A,$B95) -> 201.99371 | P95: =SUMIFS([1]raw_data!L:L,[1]raw_data!$A:$A,$B95) -> 2.466087 | Q95: =SUMIFS([1]raw_data!M:M,[1]raw_data!$A:$A,$B95) -> 67.182072 | R95: =SUMIFS([1]raw_data!N:N,[1]raw_data!$A:$A,$B95) -> 1.1252174 | S95: =SUMIFS([1]raw_data!O:O,[1]raw_data!$A:$A,$B95) -> 134.79012 | T95: =SUMIFS([1]raw_data!P:P,[1]raw_data!$A:$A,$B95) -> 1.6047535 | U95: =SUMIFS([1]raw_data!Q:Q,[1]raw_data!$A:$A,$B95) -> 134.28216 | V95: =SUMIFS([1]raw_data!R:R,[1]raw_data!$A:$A,$B95) -> 1.5950704 | W95: =SUMIFS([1]raw_data!S:S,[1]raw_data!$A:$A,$B95) -> 323.4357 | X95: =SUMIFS([1]raw_data!T:T,[1]raw_data!$A:$A,$B95) -> 0.39423942 | Y95: =SUMIFS([1]raw_data!U:U,[1]raw_data!$A:$A,$B95) -> 36.521902 | Z95: =SUMIFS([1]raw_data!V:V,[1]raw_data!$A:$A,$B95) -> 0.15751575 | AA95: =(I95+M95+Q95+U95+Y95)/5 -> 103.77887
B96: 091603 | C96: AMPERSEE | D96: NORTH COMMERCIAL | E96: Kalamazoo | F96: =IFERROR(INDEX([1]raw_data!B:B,MATCH('SAIDI excl MEDs sort (5-yr avg)'!B100,[1]raw_data!A:A,0)),0) -> 446 | G96: =SUMIFS([1]raw_data!C:C,[1]raw_data!$A:$A,$B96) -> 3451.9812 | H96: =SUMIFS([1]raw_data!D:D,[1]raw_data!$A:$A,$B96) -> 1.4291845 | I96: =SUMIFS([1]raw_data!E:E,[1]raw_data!$A:$A,$B96) -> 44.641261 | J96: =SUMIFS([1]raw_data!F:F,[1]raw_data!$A:$A,$B96) -> 0.21244635 | K96: =SUMIFS([1]raw_data!G:G,[1]raw_data!$A:$A,$B96) -> 1117.9765 | L96: =SUMIFS([1]raw_data!H:H,[1]raw_data!$A:$A,$B96) -> 0.92505353 | M96: =SUMIFS([1]raw_data!I:I,[1]raw_data!$A:$A,$B96) -> 79.947056 | N96: =SUMIFS([1]raw_data!J:J,[1]raw_data!$A:$A,$B96) -> 0.074946467 | O96: =SUMIFS([1]raw_data!K:K,[1]raw_data!$A:$A,$B96) -> 328.32941 | P96: =SUMIFS([1]raw_data!L:L,[1]raw_data!$A:$A,$B96) -> 0.81623932 | Q96: =SUMIFS([1]raw_data!M:M,[1]raw_data!$A:$A,$B96) -> 33.726994 | R96: =SUMIFS([1]raw_data!N:N,[1]raw_data!$A:$A,$B96) -> 0.26282051 | S96: =SUMIFS([1]raw_data!O:O,[1]raw_data!$A:$A,$B96) -> 49.46269 | T96: =SUMIFS([1]raw_data!P:P,[1]raw_data!$A:$A,$B96) -> 0.28446389 | U96: =SUMIFS([1]raw_data!Q:Q,[1]raw_data!$A:$A,$B96) -> 11.503172 | V96: =SUMIFS([1]raw_data!R:R,[1]raw_data!$A:$A,$B96) -> 0.24507659 | W96: =SUMIFS([1]raw_data!S:S,[1]raw_data!$A:$A,$B96) -> 356.9808 | X96: =SUMIFS([1]raw_data!T:T,[1]raw_data!$A:$A,$B96) -> 1.2754881 | Y96: =SUMIFS([1]raw_data!U:U,[1]raw_data!$A:$A,$B96) -> 348.37379 | Z96: =SUMIFS([1]raw_data!V:V,[1]raw_data!$A:$A,$B96) -> 1.0694143 | AA96: =(I96+M96+Q96+U96+Y96)/5 -> 103.63845
B97: 031901 | C97: BRIDGE STREET | D97: HUPP AVENUE | E97: Jackson | F97: =IFERROR(INDEX([1]raw_data!B:B,MATCH('SAIDI excl MEDs sort (5-yr avg)'!B145,[1]raw_data!A:A,0)),0) -> 1913.8 | G97: =SUMIFS([1]raw_data!C:C,[1]raw_data!$A:$A,$B97) -> 176.29486 | H97: =SUMIFS([1]raw_data!D:D,[1]raw_data!$A:$A,$B97) -> 0.081705151 | I97: =SUMIFS([1]raw_data!E:E,[1]raw_data!$A:$A,$B97) -> 5.273759 | J97: =SUMIFS([1]raw_data!F:F,[1]raw_data!$A:$A,$B97) -> 0.031971581 | K97: =SUMIFS([1]raw_data!G:G,[1]raw_data!$A:$A,$B97) -> 348.22121 | L97: =SUMIFS([1]raw_data!H:H,[1]raw_data!$A:$A,$B97) -> 1.1666667 | M97: =SUMIFS([1]raw_data!I:I,[1]raw_data!$A:$A,$B97) -> 140.01186 | N97: =SUMIFS([1]raw_data!J:J,[1]raw_data!$A:$A,$B97) -> 1.0744681 | O97: =SUMIFS([1]raw_data!K:K,[1]raw_data!$A:$A,$B97) -> 27.688651 | P97: =SUMIFS([1]raw_data!L:L,[1]raw_data!$A:$A,$B97) -> 0.26203209 | Q97: =SUMIFS([1]raw_data!M:M,[1]raw_data!$A:$A,$B97) -> 27.688651 | R97: =SUMIFS([1]raw_data!N:N,[1]raw_data!$A:$A,$B97) -> 0.26203209 | S97: =SUMIFS([1]raw_data!O:O,[1]raw_data!$A:$A,$B97) -> 667.62469 | T97: =SUMIFS([1]raw_data!P:P,[1]raw_data!$A:$A,$B97) -> 3.5080214 | U97: =SUMIFS([1]raw_data!Q:Q,[1]raw_data!$A:$A,$B97) -> 322.09911 | V97: =SUMIFS([1]raw_data!R:R,[1]raw_data!$A:$A,$B97) -> 1.4670232 | W97: =SUMIFS([1]raw_data!S:S,[1]raw_data!$A:$A,$B97) -> 24.773911 | X97: =SUMIFS([1]raw_data!T:T,[1]raw_data!$A:$A,$B97) -> 0.41323792 | Y97: =SUMIFS([1]raw_data!U:U,[1]raw_data!$A:$A,$B97) -> 22.613178 | Z97: =SUMIFS([1]raw_data!V:V,[1]raw_data!$A:$A,$B97) -> 0.41144902 | AA97: =(I97+M97+Q97+U97+Y97)/5 -> 103.53731
B98: 072702 | C98: BURLINGAME | D98: MICHAEL | E98: Grand Rapids | F98: =IFERROR(INDEX([1]raw_data!B:B,MATCH('SAIDI excl MEDs sort (5-yr avg)'!B156,[1]raw_data!A:A,0)),0) -> 132.66667 | G98: =SUMIFS([1]raw_data!C:C,[1]raw_data!$A:$A,$B98) -> 1.121339 | H98: =SUMIFS([1]raw_data!D:D,[1]raw_data!$A:$A,$B98) -> 0.0066815145 | I98: =SUMIFS([1]raw_data!E:E,[1]raw_data!$A:$A,$B98) -> 1.121339 | J98: =SUMIFS([1]raw_data!F:F,[1]raw_data!$A:$A,$B98) -> 0.0066815145 | K98: =SUMIFS([1]raw_data!G:G,[1]raw_data!$A:$A,$B98) -> 390.98522 | L98: =SUMIFS([1]raw_data!H:H,[1]raw_data!$A:$A,$B98) -> 3.5752409 | M98: =SUMIFS([1]raw_data!I:I,[1]raw_data!$A:$A,$B98) -> 390.4023 | N98: =SUMIFS([1]raw_data!J:J,[1]raw_data!$A:$A,$B98) -> 3.5744996 | O98: =SUMIFS([1]raw_data!K:K,[1]raw_data!$A:$A,$B98) -> 116.34525 | P98: =SUMIFS([1]raw_data!L:L,[1]raw_data!$A:$A,$B98) -> 1.71668 | Q98: =SUMIFS([1]raw_data!M:M,[1]raw_data!$A:$A,$B98) -> 85.898044 | R98: =SUMIFS([1]raw_data!N:N,[1]raw_data!$A:$A,$B98) -> 1.707103 | S98: =SUMIFS([1]raw_data!O:O,[1]raw_data!$A:$A,$B98) -> 154.24998 | T98: =SUMIFS([1]raw_data!P:P,[1]raw_data!$A:$A,$B98) -> 0.46077458 | U98: =SUMIFS([1]raw_data!Q:Q,[1]raw_data!$A:$A,$B98) -> 31.609665 | V98: =SUMIFS([1]raw_data!R:R,[1]raw_data!$A:$A,$B98) -> 0.39721946 | W98: =SUMIFS([1]raw_data!S:S,[1]raw_data!$A:$A,$B98) -> 216.79177 | X98: =SUMIFS([1]raw_data!T:T,[1]raw_data!$A:$A,$B98) -> 0.17834395 | Y98: =SUMIFS([1]raw_data!U:U,[1]raw_data!$A:$A,$B98) -> 2.135067 | Z98: =SUMIFS([1]raw_data!V:V,[1]raw_data!$A:$A,$B98) -> 0.045647558 | AA98: =(I98+M98+Q98+U98+Y98)/5 -> 102.23328
B99: 074303 | C99: RED ARROW | D99: KEATS | E99: Flint | F99: =IFERROR(INDEX([1]raw_data!B:B,MATCH('SAIDI excl MEDs sort (5-yr avg)'!B92,[1]raw_data!A:A,0)),0) -> 3779.8 | G99: =SUMIFS([1]raw_data!C:C,[1]raw_data!$A:$A,$B99) -> 155.56361 | H99: =SUMIFS([1]raw_data!D:D,[1]raw_data!$A:$A,$B99) -> 1.3245033 | I99: =SUMIFS([1]raw_data!E:E,[1]raw_data!$A:$A,$B99) -> 56.089529 | J99: =SUMIFS([1]raw_data!F:F,[1]raw_data!$A:$A,$B99) -> 1.2476821 | K99: =SUMIFS([1]raw_data!G:G,[1]raw_data!$A:$A,$B99) -> 158.3473 | L99: =SUMIFS([1]raw_data!H:H,[1]raw_data!$A:$A,$B99) -> 0.31984074 | M99: =SUMIFS([1]raw_data!I:I,[1]raw_data!$A:$A,$B99) -> 61.102005 | N99: =SUMIFS([1]raw_data!J:J,[1]raw_data!$A:$A,$B99) -> 0.22295952 | O99: =SUMIFS([1]raw_data!K:K,[1]raw_data!$A:$A,$B99) -> 992.7005 | P99: =SUMIFS([1]raw_data!L:L,[1]raw_data!$A:$A,$B99) -> 1.1414474 | Q99: =SUMIFS([1]raw_data!M:M,[1]raw_data!$A:$A,$B99) -> 204.96276 | R99: =SUMIFS([1]raw_data!N:N,[1]raw_data!$A:$A,$B99) -> 0.76776316 | S99: =SUMIFS([1]raw_data!O:O,[1]raw_data!$A:$A,$B99) -> 72.4569 | T99: =SUMIFS([1]raw_data!P:P,[1]raw_data!$A:$A,$B99) -> 0.2992126 | U99: =SUMIFS([1]raw_data!Q:Q,[1]raw_data!$A:$A,$B99) -> 67.2965 | V99: =SUMIFS([1]raw_data!R:R,[1]raw_data!$A:$A,$B99) -> 0.28937008 | W99: =SUMIFS([1]raw_data!S:S,[1]raw_data!$A:$A,$B99) -> 595.28416 | X99: =SUMIFS([1]raw_data!T:T,[1]raw_data!$A:$A,$B99) -> 0.65234633 | Y99: =SUMIFS([1]raw_data!U:U,[1]raw_data!$A:$A,$B99) -> 117.25398 | Z99: =SUMIFS([1]raw_data!V:V,[1]raw_data!$A:$A,$B99) -> 0.47785856 | AA99: =(I99+M99+Q99+U99+Y99)/5 -> 101.34095
B100: 165902 | C100: MOSEL | D100: ALLEN | E100: Kalamazoo | F100: =IFERROR(INDEX([1]raw_data!B:B,MATCH('SAIDI excl MEDs sort (5-yr avg)'!B41,[1]raw_data!A:A,0)),0) -> 929 | G100: =SUMIFS([1]raw_data!C:C,[1]raw_data!$A:$A,$B100) -> 1771.3033 | H100: =SUMIFS([1]raw_data!D:D,[1]raw_data!$A:$A,$B100) -> 1.552809 | I100: =SUMIFS([1]raw_data!E:E,[1]raw_data!$A:$A,$B100) -> 160.54344 | J100: =SUMIFS([1]raw_data!F:F,[1]raw_data!$A:$A,$B100) -> 0.6988764 | K100: =SUMIFS([1]raw_data!G:G,[1]raw_data!$A:$A,$B100) -> 1461.2255 | L100: =SUMIFS([1]raw_data!H:H,[1]raw_data!$A:$A,$B100) -> 2.8635347 | M100: =SUMIFS([1]raw_data!I:I,[1]raw_data!$A:$A,$B100) -> 342.52582 | N100: =SUMIFS([1]raw_data!J:J,[1]raw_data!$A:$A,$B100) -> 2.082774 | O100: =SUMIFS([1]raw_data!K:K,[1]raw_data!$A:$A,$B100) -> 0 | P100: =SUMIFS([1]raw_data!L:L,[1]raw_data!$A:$A,$B100) -> 0 | Q100: =SUMIFS([1]raw_data!M:M,[1]raw_data!$A:$A,$B100) -> 0 | R100: =SUMIFS([1]raw_data!N:N,[1]raw_data!$A:$A,$B100) -> 0 | S100: =SUMIFS([1]raw_data!O:O,[1]raw_data!$A:$A,$B100) -> 0 | T100: =SUMIFS([1]raw_data!P:P,[1]raw_data!$A:$A,$B100) -> 0 | U100: =SUMIFS([1]raw_data!Q:Q,[1]raw_data!$A:$A,$B100) -> 0 | V100: =SUMIFS([1]raw_data!R:R,[1]raw_data!$A:$A,$B100) -> 0 | W100: =SUMIFS([1]raw_data!S:S,[1]raw_data!$A:$A,$B100) -> 0 | X100: =SUMIFS([1]raw_data!T:T,[1]raw_data!$A:$A,$B100) -> 0 | Y100: =SUMIFS([1]raw_data!U:U,[1]raw_data!$A:$A,$B100) -> 0 | Z100: =SUMIFS([1]raw_data!V:V,[1]raw_data!$A:$A,$B100) -> 0 | AA100: =(I100+M100+Q100+U100+Y100)/5 -> 100.61385
...

Sheet SAIDI incl MEDs sort (5-yr avg)
A1: Quartile | B1: FEEDERID | C1: Substation Name | D1: Circuit Name | E1: City | F1: 5-Year Avg Cust Count | G1: 2023 | K1: 2022 | O1: 2021 | S1: 2020 | W1: 2019
G2: All Weather | I2: Excluding MEDs | K2: All Weather | M2: Excluding MEDs | O2: All Weather | Q2: Excluding MEDs | S2: All Weather | U2: Excluding MEDs | W2: All Weather | Y2: Excluding MEDs
G3: SAIDI | H3: SAIFI | I3: SAIDI | J3: SAIFI | K3: SAIDI | L3: SAIFI | M3: SAIDI | N3: SAIFI | O3: SAIDI | P3: SAIFI | Q3: SAIDI | R3: SAIFI | S3: SAIDI | T3: SAIFI | U3: SAIDI | V3: SAIFI | W3: SAIDI | X3: SAIFI | Y3: SAIDI | Z3: SAIFI | AA3: 5-Year Avg SAIDI incl MEDs
A4: Fourth Quartile | B4: 099201 | C4: MICOR | D4: WELLWORTH | E4: Jackson | F4: =IFERROR(INDEX([1]raw_data!B:B,MATCH(B4,[1]raw_data!A:A,0)),0) -> 395.57143 | G4: =SUMIFS([1]raw_data!C:C,[1]raw_data!$A:$A,$B4) -> 9234.2663 | H4: =SUMIFS([1]raw_data!D:D,[1]raw_data!$A:$A,$B4) -> 2.8911704 | I4: =SUMIFS([1]raw_data!E:E,[1]raw_data!$A:$A,$B4) -> 15.287682 | J4: =SUMIFS([1]raw_data!F:F,[1]raw_data!$A:$A,$B4) -> 0.09650924 | K4: =SUMIFS([1]raw_data!G:G,[1]raw_data!$A:$A,$B4) -> 217.22283 | L4: =SUMIFS([1]raw_data!H:H,[1]raw_data!$A:$A,$B4) -> 1.0252809 | M4: =SUMIFS([1]raw_data!I:I,[1]raw_data!$A:$A,$B4) -> 217.22283 | N4: =SUMIFS([1]raw_data!J:J,[1]raw_data!$A:$A,$B4) -> 1.0252809 | O4: =SUMIFS([1]raw_data!K:K,[1]raw_data!$A:$A,$B4) -> 42.070092 | P4: =SUMIFS([1]raw_data!L:L,[1]raw_data!$A:$A,$B4) -> 0.13611111 | Q4: =SUMIFS([1]raw_data!M:M,[1]raw_data!$A:$A,$B4) -> 3.539537 | R4: =SUMIFS([1]raw_data!N:N,[1]raw_data!$A:$A,$B4) -> 0.013888889 | S4: =SUMIFS([1]raw_data!O:O,[1]raw_data!$A:$A,$B4) -> 10.869237 | T4: =SUMIFS([1]raw_data!P:P,[1]raw_data!$A:$A,$B4) -> 0.15702479 | U4: =SUMIFS([1]raw_data!Q:Q,[1]raw_data!$A:$A,$B4) -> 10.869237 | V4: =SUMIFS([1]raw_data!R:R,[1]raw_data!$A:$A,$B4) -> 0.15702479 | W4: =SUMIFS([1]raw_data!S:S,[1]raw_data!$A:$A,$B4) -> 114.69696 | X4: =SUMIFS([1]raw_data!T:T,[1]raw_data!$A:$A,$B4) -> 1.0983146 | Y4: =SUMIFS([1]raw_data!U:U,[1]raw_data!$A:$A,$B4) -> 114.69696 | Z4: =SUMIFS([1]raw_data!V:V,[1]raw_data!$A:$A,$B4) -> 1.0983146 | AA4: =(G4+K4+O4+S4+W4)/5 -> 1923.8251
B5: 003902 | C5: MAUMEE | D5: LENAWEE ST | E5: Adrian | F5: =IFERROR(INDEX([1]raw_data!B:B,MATCH(B5,[1]raw_data!A:A,0)),0) -> 1423.4 | G5: =SUMIFS([1]raw_data!C:C,[1]raw_data!$A:$A,$B5) -> 5540.9072 | H5: =SUMIFS([1]raw_data!D:D,[1]raw_data!$A:$A,$B5) -> 1.684507 | I5: =SUMIFS([1]raw_data!E:E,[1]raw_data!$A:$A,$B5) -> 45.11083 | J5: =SUMIFS([1]raw_data!F:F,[1]raw_data!$A:$A,$B5) -> 0.66830986 | K5: =SUMIFS([1]raw_data!G:G,[1]raw_data!$A:$A,$B5) -> 869.58842 | L5: =SUMIFS([1]raw_data!H:H,[1]raw_data!$A:$A,$B5) -> 3.0140056 | M5: =SUMIFS([1]raw_data!I:I,[1]raw_data!$A:$A,$B5) -> 120.40631 | N5: =SUMIFS([1]raw_data!J:J,[1]raw_data!$A:$A,$B5) -> 1.3970588 | O5: =SUMIFS([1]raw_data!K:K,[1]raw_data!$A:$A,$B5) -> 551.84509 | P5: =SUMIFS([1]raw_data!L:L,[1]raw_data!$A:$A,$B5) -> 3.1547117 | Q5: =SUMIFS([1]raw_data!M:M,[1]raw_data!$A:$A,$B5) -> 183.48197 | R5: =SUMIFS([1]raw_data!N:N,[1]raw_data!$A:$A,$B5) -> 2.1540084 | S5: =SUMIFS([1]raw_data!O:O,[1]raw_data!$A:$A,$B5) -> 121.56555 | T5: =SUMIFS([1]raw_data!P:P,[1]raw_data!$A:$A,$B5) -> 1.7986014 | U5: =SUMIFS([1]raw_data!Q:Q,[1]raw_data!$A:$A,$B5) -> 120.98495 | V5: =SUMIFS([1]raw_data!R:R,[1]raw_data!$A:$A,$B5) -> 1.7699301 | W5: =SUMIFS([1]raw_data!S:S,[1]raw_data!$A:$A,$B5) -> 892.23187 | X5: =SUMIFS([1]raw_data!T:T,[1]raw_data!$A:$A,$B5) -> 2.2251235 | Y5: =SUMIFS([1]raw_data!U:U,[1]raw_data!$A:$A,$B5) -> 891.73432 | Z5: =SUMIFS([1]raw_data!V:V,[1]raw_data!$A:$A,$B5) -> 2.2244178 | AA5: =(G5+K5+O5+S5+W5)/5 -> 1595.2276
B6: 032701 | C6: COMSTOCK | D6: SHIELDS | E6: Kalamazoo | F6: =IFERROR(INDEX([1]raw_data!B:B,MATCH(B6,[1]raw_data!A:A,0)),0) -> 1055.5556 | G6: =SUMIFS([1]raw_data!C:C,[1]raw_data!$A:$A,$B6) -> 5803.4099 | H6: =SUMIFS([1]raw_data!D:D,[1]raw_data!$A:$A,$B6) -> 6.4076539 | I6: =SUMIFS([1]raw_data!E:E,[1]raw_data!$A:$A,$B6) -> 184.03891 | J6: =SUMIFS([1]raw_data!F:F,[1]raw_data!$A:$A,$B6) -> 1.1331115 | K6: =SUMIFS([1]raw_data!G:G,[1]raw_data!$A:$A,$B6) -> 815.44029 | L6: =SUMIFS([1]raw_data!H:H,[1]raw_data!$A:$A,$B6) -> 1.925801 | M6: =SUMIFS([1]raw_data!I:I,[1]raw_data!$A:$A,$B6) -> 189.99126 | N6: =SUMIFS([1]raw_data!J:J,[1]raw_data!$A:$A,$B6) -> 1.346543 | O6: =SUMIFS([1]raw_data!K:K,[1]raw_data!$A:$A,$B6) -> 1033.277 | P6: =SUMIFS([1]raw_data!L:L,[1]raw_data!$A:$A,$B6) -> 2.3128162 | Q6: =SUMIFS([1]raw_data!M:M,[1]raw_data!$A:$A,$B6) -> 360.47392 | R6: =SUMIFS([1]raw_data!N:N,[1]raw_data!$A:$A,$B6) -> 0.80607083 | S6: =SUMIFS([1]raw_data!O:O,[1]raw_data!$A:$A,$B6) -> 26.020699 | T6: =SUMIFS([1]raw_data!P:P,[1]raw_data!$A:$A,$B6) -> 0.27993255 | U6: =SUMIFS([1]raw_data!Q:Q,[1]raw_data!$A:$A,$B6) -> 24.672892 | V6: =SUMIFS([1]raw_data!R:R,[1]raw_data!$A:$A,$B6) -> 0.27150084 | W6: =SUMIFS([1]raw_data!S:S,[1]raw_data!$A:$A,$B6) -> 102.9936 | X6: =SUMIFS([1]raw_data!T:T,[1]raw_data!$A:$A,$B6) -> 1.0820643 | Y6: =SUMIFS([1]raw_data!U:U,[1]raw_data!$A:$A,$B6) -> 102.9936 | Z6: =SUMIFS([1]raw_data!V:V,[1]raw_data!$A:$A,$B6) -> 1.0820643 | AA6: =(G6+K6+O6+S6+W6)/5 -> 1556.2283
B7: 001901 | C7: ROBERTS STREET | D7: LEROY STREET | E7: Jackson | F7: =IFERROR(INDEX([1]raw_data!B:B,MATCH(B7,[1]raw_data!A:A,0)),0) -> 1562.4 | G7: =SUMIFS([1]raw_data!C:C,[1]raw_data!$A:$A,$B7) -> 6695.0826 | H7: =SUMIFS([1]raw_data!D:D,[1]raw_data!$A:$A,$B7) -> 2.3239796 | I7: =SUMIFS([1]raw_data!E:E,[1]raw_data!$A:$A,$B7) -> 37.145475 | J7: =SUMIFS([1]raw_data!F:F,[1]raw_data!$A:$A,$B7) -> 0.34630102 | K7: =SUMIFS([1]raw_data!G:G,[1]raw_data!$A:$A,$B7) -> 760.16528 | L7: =SUMIFS([1]raw_data!H:H,[1]raw_data!$A:$A,$B7) -> 1.9891789 | M7: =SUMIFS([1]raw_data!I:I,[1]raw_data!$A:$A,$B7) -> 208.56138 | N7: =SUMIFS([1]raw_data!J:J,[1]raw_data!$A:$A,$B7) -> 1.4481222 | O7: =SUMIFS([1]raw_data!K:K,[1]raw_data!$A:$A,$B7) -> 61.598567 | P7: =SUMIFS([1]raw_data!L:L,[1]raw_data!$A:$A,$B7) -> 0.25079567 | Q7: =SUMIFS([1]raw_data!M:M,[1]raw_data!$A:$A,$B7) -> 48.414852 | R7: =SUMIFS([1]raw_data!N:N,[1]raw_data!$A:$A,$B7) -> 0.20432845 | S7: =SUMIFS([1]raw_data!O:O,[1]raw_data!$A:$A,$B7) -> 118.00863 | T7: =SUMIFS([1]raw_data!P:P,[1]raw_data!$A:$A,$B7) -> 1.0939297 | U7: =SUMIFS([1]raw_data!Q:Q,[1]raw_data!$A:$A,$B7) -> 106.838 | V7: =SUMIFS([1]raw_data!R:R,[1]raw_data!$A:$A,$B7) -> 1.0632588 | W7: =SUMIFS([1]raw_data!S:S,[1]raw_data!$A:$A,$B7) -> 93.36814 | X7: =SUMIFS([1]raw_data!T:T,[1]raw_data!$A:$A,$B7) -> 0.72088484 | Y7: =SUMIFS([1]raw_data!U:U,[1]raw_data!$A:$A,$B7) -> 93.32764 | Z7: =SUMIFS([1]raw_data!V:V,[1]raw_data!$A:$A,$B7) -> 0.72023422 | AA7: =(G7+K7+O7+S7+W7)/5 -> 1545.6446
B8: 040401 | C8: ALBER | D8: TERRITORIAL | E8: Battle Creek | F8: =IFERROR(INDEX([1]raw_data!B:B,MATCH(B8,[1]raw_data!A:A,0)),0) -> 1511.8 | G8: =SUMIFS([1]raw_data!C:C,[1]raw_data!$A:$A,$B8) -> 1245.6575 | H8: =SUMIFS([1]raw_data!D:D,[1]raw_data!$A:$A,$B8) -> 1.2261209 | I8: =SUMIFS([1]raw_data!E:E,[1]raw_data!$A:$A,$B8) -> 93.936811 | J8: =SUMIFS([1]raw_data!F:F,[1]raw_data!$A:$A,$B8) -> 0.27095517 | K8: =SUMIFS([1]raw_data!G:G,[1]raw_data!$A:$A,$B8) -> 558.99963 | L8: =SUMIFS([1]raw_data!H:H,[1]raw_data!$A:$A,$B8) -> 1.9682437 | M8: =SUMIFS([1]raw_data!I:I,[1]raw_data!$A:$A,$B8) -> 558.36289 | N8: =SUMIFS([1]raw_data!J:J,[1]raw_data!$A:$A,$B8) -> 1.9669475 | O8: =SUMIFS([1]raw_data!K:K,[1]raw_data!$A:$A,$B8) -> 167.88277 | P8: =SUMIFS([1]raw_data!L:L,[1]raw_data!$A:$A,$B8) -> 0.13195343 | Q8: =SUMIFS([1]raw_data!M:M,[1]raw_data!$A:$A,$B8) -> 3.984659 | R8: =SUMIFS([1]raw_data!N:N,[1]raw_data!$A:$A,$B8) -> 0.038809832 | S8: =SUMIFS([1]raw_data!O:O,[1]raw_data!$A:$A,$B8) -> 4975.4824 | T8: =SUMIFS([1]raw_data!P:P,[1]raw_data!$A:$A,$B8) -> 4.1679715 | U8: =SUMIFS([1]raw_data!Q:Q,[1]raw_data!$A:$A,$B8) -> 301.3379 | V8: =SUMIFS([1]raw_data!R:R,[1]raw_data!$A:$A,$B8) -> 3.0754448 | W8: =SUMIFS([1]raw_data!S:S,[1]raw_data!$A:$A,$B8) -> 340.95894 | X8: =SUMIFS([1]raw_data!T:T,[1]raw_data!$A:$A,$B8) -> 2.1716907 | Y8: =SUMIFS([1]raw_data!U:U,[1]raw_data!$A:$A,$B8) -> 329.19526 | Z8: =SUMIFS([1]raw_data!V:V,[1]raw_data!$A:$A,$B8) -> 2.1120577 | AA8: =(G8+K8+O8+S8+W8)/5 -> 1457.7963
B9: 001902 | C9: ROBERTS STREET | D9: DETTMAN | E9: Jackson | F9: =IFERROR(INDEX([1]raw_data!B:B,MATCH(B9,[1]raw_data!A:A,0)),0) -> 1112.4 | G9: =SUMIFS([1]raw_data!C:C,[1]raw_data!$A:$A,$B9) -> 6296.8697 | H9: =SUMIFS([1]raw_data!D:D,[1]raw_data!$A:$A,$B9) -> 2.1173333 | I9: =SUMIFS([1]raw_data!E:E,[1]raw_data!$A:$A,$B9) -> 14.162353 | J9: =SUMIFS([1]raw_data!F:F,[1]raw_data!$A:$A,$B9) -> 0.10133333 | K9: =SUMIFS([1]raw_data!G:G,[1]raw_data!$A:$A,$B9) -> 4.158891 | L9: =SUMIFS([1]raw_data!H:H,[1]raw_data!$A:$A,$B9) -> 0.02690583 | M9: =SUMIFS([1]raw_data!I:I,[1]raw_data!$A:$A,$B9) -> 1.772801 | N9: =SUMIFS([1]raw_data!J:J,[1]raw_data!$A:$A,$B9) -> 0.026008969 | O9: =SUMIFS([1]raw_data!K:K,[1]raw_data!$A:$A,$B9) -> 312.66087 | P9: =SUMIFS([1]raw_data!L:L,[1]raw_data!$A:$A,$B9) -> 2.1596413 | Q9: =SUMIFS([1]raw_data!M:M,[1]raw_data!$A:$A,$B9) -> 312.59559 | R9: =SUMIFS([1]raw_data!N:N,[1]raw_data!$A:$A,$B9) -> 2.1587444 | S9: =SUMIFS([1]raw_data!O:O,[1]raw_data!$A:$A,$B9) -> 279.62683 | T9: =SUMIFS([1]raw_data!P:P,[1]raw_data!$A:$A,$B9) -> 2.5501355 | U9: =SUMIFS([1]raw_data!Q:Q,[1]raw_data!$A:$A,$B9) -> 276.26436 | V9: =SUMIFS([1]raw_data!R:R,[1]raw_data!$A:$A,$B9) -> 2.5311653 | W9: =SUMIFS([1]raw_data!S:S,[1]raw_data!$A:$A,$B9) -> 33.200211 | X9: =SUMIFS([1]raw_data!T:T,[1]raw_data!$A:$A,$B9) -> 1.0654545 | Y9: =SUMIFS([1]raw_data!U:U,[1]raw_data!$A:$A,$B9) -> 15.319984 | Z9: =SUMIFS([1]raw_data!V:V,[1]raw_data!$A:$A,$B9) -> 1.0536364 | AA9: =(G9+K9+O9+S9+W9)/5 -> 1385.3033
B10: 077402 | C10: DEWEY | D10: SEATING | E10: Grand Rapids | F10: =IFERROR(INDEX([1]raw_data!B:B,MATCH(B10,[1]raw_data!A:A,0)),0) -> 3716.4 | G10: =SUMIFS([1]raw_data!C:C,[1]raw_data!$A:$A,$B10) -> 813.48589 | H10: =SUMIFS([1]raw_data!D:D,[1]raw_data!$A:$A,$B10) -> 4.565183 | I10: =SUMIFS([1]raw_data!E:E,[1]raw_data!$A:$A,$B10) -> 188.348 | J10: =SUMIFS([1]raw_data!F:F,[1]raw_data!$A:$A,$B10) -> 2.5380564 | K10: =SUMIFS([1]raw_data!G:G,[1]raw_data!$A:$A,$B10) -> 1633.8239 | L10: =SUMIFS([1]raw_data!H:H,[1]raw_data!$A:$A,$B10) -> 3.5101396 | M10: =SUMIFS([1]raw_data!I:I,[1]raw_data!$A:$A,$B10) -> 60.67941 | N10: =SUMIFS([1]raw_data!J:J,[1]raw_data!$A:$A,$B10) -> 1.1406373 | O10: =SUMIFS([1]raw_data!K:K,[1]raw_data!$A:$A,$B10) -> 767.66847 | P10: =SUMIFS([1]raw_data!L:L,[1]raw_data!$A:$A,$B10) -> 1.3633458 | Q10: =SUMIFS([1]raw_data!M:M,[1]raw_data!$A:$A,$B10) -> 10.207578 | R10: =SUMIFS([1]raw_data!N:N,[1]raw_data!$A:$A,$B10) -> 0.11800746 | S10: =SUMIFS([1]raw_data!O:O,[1]raw_data!$A:$A,$B10) -> 1144.3527 | T10: =SUMIFS([1]raw_data!P:P,[1]raw_data!$A:$A,$B10) -> 2.3461333 | U10: =SUMIFS([1]raw_data!Q:Q,[1]raw_data!$A:$A,$B10) -> 465.50191 | V10: =SUMIFS([1]raw_data!R:R,[1]raw_data!$A:$A,$B10) -> 1.1709333 | W10: =SUMIFS([1]raw_data!S:S,[1]raw_data!$A:$A,$B10) -> 1858.7866 | X10: =SUMIFS([1]raw_data!T:T,[1]raw_data!$A:$A,$B10) -> 2.4928243 | Y10: =SUMIFS([1]raw_data!U:U,[1]raw_data!$A:$A,$B10) -> 89.751329 | Z10: =SUMIFS([1]raw_data!V:V,[1]raw_data!$A:$A,$B10) -> 0.40298507 | AA10: =(G10+K10+O10+S10+W10)/5 -> 1243.6235
B11: 060801 | C11: PALMER | D11: REED | E11: Kalamazoo | F11: =IFERROR(INDEX([1]raw_data!B:B,MATCH(B11,[1]raw_data!A:A,0)),0) -> 320.2 | G11: =SUMIFS([1]raw_data!C:C,[1]raw_data!$A:$A,$B11) -> 679.65556 | H11: =SUMIFS([1]raw_data!D:D,[1]raw_data!$A:$A,$B11) -> 2.1329114 | I11: =SUMIFS([1]raw_data!E:E,[1]raw_data!$A:$A,$B11) -> 557.56306 | J11: =SUMIFS([1]raw_data!F:F,[1]raw_data!$A:$A,$B11) -> 2.1012658 | K11: =SUMIFS([1]raw_data!G:G,[1]raw_data!$A:$A,$B11) -> 2129.2801 | L11: =SUMIFS([1]raw_data!H:H,[1]raw_data!$A:$A,$B11) -> 4.45 | M11: =SUMIFS([1]raw_data!I:I,[1]raw_data!$A:$A,$B11) -> 694.74956 | N11: =SUMIFS([1]raw_data!J:J,[1]raw_data!$A:$A,$B11) -> 2.31875 | O11: =SUMIFS([1]raw_data!K:K,[1]raw_data!$A:$A,$B11) -> 2045.774 | P11: =SUMIFS([1]raw_data!L:L,[1]raw_data!$A:$A,$B11) -> 2.7445483 | Q11: =SUMIFS([1]raw_data!M:M,[1]raw_data!$A:$A,$B11) -> 425.37077 | R11: =SUMIFS([1]raw_data!N:N,[1]raw_data!$A:$A,$B11) -> 1.0965732 | S11: =SUMIFS([1]raw_data!O:O,[1]raw_data!$A:$A,$B11) -> 8.754114 | T11: =SUMIFS([1]raw_data!P:P,[1]raw_data!$A:$A,$B11) -> 0.10185185 | U11: =SUMIFS([1]raw_data!Q:Q,[1]raw_data!$A:$A,$B11) -> 2.545061 | V11: =SUMIFS([1]raw_data!R:R,[1]raw_data!$A:$A,$B11) -> 0.052469136 | W11: =SUMIFS([1]raw_data!S:S,[1]raw_data!$A:$A,$B11) -> 864.60437 | X11: =SUMIFS([1]raw_data!T:T,[1]raw_data!$A:$A,$B11) -> 3.55625 | Y11: =SUMIFS([1]raw_data!U:U,[1]raw_data!$A:$A,$B11) -> 861.11427 | Z11: =SUMIFS([1]raw_data!V:V,[1]raw_data!$A:$A,$B11) -> 3.49375 | AA11: =(G11+K11+O11+S11+W11)/5 -> 1145.6136 | AC11: SAIDI incl MEDs quartiles | AD11: Column1 | AE11: Column2 | AF11: Column3
B12: 036001 | C12: LIBERTY | D12: WASHINGTON | E12: Battle Creek | F12: =IFERROR(INDEX([1]raw_data!B:B,MATCH(B12,[1]raw_data!A:A,0)),0) -> 647.4 | G12: =SUMIFS([1]raw_data!C:C,[1]raw_data!$A:$A,$B12) -> 319.7433 | H12: =SUMIFS([1]raw_data!D:D,[1]raw_data!$A:$A,$B12) -> 1.4084302 | I12: =SUMIFS([1]raw_data!E:E,[1]raw_data!$A:$A,$B12) -> 137.58238 | J12: =SUMIFS([1]raw_data!F:F,[1]raw_data!$A:$A,$B12) -> 0.9752907 | K12: =SUMIFS([1]raw_data!G:G,[1]raw_data!$A:$A,$B12) -> 212.18552 | L12: =SUMIFS([1]raw_data!H:H,[1]raw_data!$A:$A,$B12) -> 1.8479197 | M12: =SUMIFS([1]raw_data!I:I,[1]raw_data!$A:$A,$B12) -> 160.96566 | N12: =SUMIFS([1]raw_data!J:J,[1]raw_data!$A:$A,$B12) -> 1.8278336 | O12: =SUMIFS([1]raw_data!K:K,[1]raw_data!$A:$A,$B12) -> 1162.8149 | P12: =SUMIFS([1]raw_data!L:L,[1]raw_data!$A:$A,$B12) -> 1.9281609 | Q12: =SUMIFS([1]raw_data!M:M,[1]raw_data!$A:$A,$B12) -> 334.13676 | R12: =SUMIFS([1]raw_data!N:N,[1]raw_data!$A:$A,$B12) -> 0.97844828 | S12: =SUMIFS([1]raw_data!O:O,[1]raw_data!$A:$A,$B12) -> 2639.6718 | T12: =SUMIFS([1]raw_data!P:P,[1]raw_data!$A:$A,$B12) -> 5.5354059 | U12: =SUMIFS([1]raw_data!Q:Q,[1]raw_data!$A:$A,$B12) -> 457.83952 | V12: =SUMIFS([1]raw_data!R:R,[1]raw_data!$A:$A,$B12) -> 4.3402418 | W12: =SUMIFS([1]raw_data!S:S,[1]raw_data!$A:$A,$B12) -> 1204.6405 | X12: =SUMIFS([1]raw_data!T:T,[1]raw_data!$A:$A,$B12) -> 4.4731369 | Y12: =SUMIFS([1]raw_data!U:U,[1]raw_data!$A:$A,$B12) -> 624.11606 | Z12: =SUMIFS([1]raw_data!V:V,[1]raw_data!$A:$A,$B12) -> 2.94974 | AA12: =(G12+K12+O12+S12+W12)/5 -> 1107.8112 | AC12: Quartile | AD12: SAIDI | AE12: # of Circuits | AF12: # of customers
B13: 003901 | C13: MAUMEE | D13: MAPLE ST | E13: Adrian | F13: =IFERROR(INDEX([1]raw_data!B:B,MATCH(B13,[1]raw_data!A:A,0)),0) -> 1789.8 | G13: =SUMIFS([1]raw_data!C:C,[1]raw_data!$A:$A,$B13) -> 2342.7304 | H13: =SUMIFS([1]raw_data!D:D,[1]raw_data!$A:$A,$B13) -> 2.1749137 | I13: =SUMIFS([1]raw_data!E:E,[1]raw_data!$A:$A,$B13) -> 160.19562 | J13: =SUMIFS([1]raw_data!F:F,[1]raw_data!$A:$A,$B13) -> 1.1864212 | K13: =SUMIFS([1]raw_data!G:G,[1]raw_data!$A:$A,$B13) -> 144.38391 | L13: =SUMIFS([1]raw_data!H:H,[1]raw_data!$A:$A,$B13) -> 0.64343318 | M13: =SUMIFS([1]raw_data!I:I,[1]raw_data!$A:$A,$B13) -> 75.302671 | N13: =SUMIFS([1]raw_data!J:J,[1]raw_data!$A:$A,$B13) -> 0.62384793 | O13: =SUMIFS([1]raw_data!K:K,[1]raw_data!$A:$A,$B13) -> 2143.7532 | P13: =SUMIFS([1]raw_data!L:L,[1]raw_data!$A:$A,$B13) -> 1.2723112 | Q13: =SUMIFS([1]raw_data!M:M,[1]raw_data!$A:$A,$B13) -> 78.417467 | R13: =SUMIFS([1]raw_data!N:N,[1]raw_data!$A:$A,$B13) -> 0.33237986 | S13: =SUMIFS([1]raw_data!O:O,[1]raw_data!$A:$A,$B13) -> 439.32337 | T13: =SUMIFS([1]raw_data!P:P,[1]raw_data!$A:$A,$B13) -> 3.1780186 | U13: =SUMIFS([1]raw_data!Q:Q,[1]raw_data!$A:$A,$B13) -> 425.32118 | V13: =SUMIFS([1]raw_data!R:R,[1]raw_data!$A:$A,$B13) -> 3.1341589 | W13: =SUMIFS([1]raw_data!S:S,[1]raw_data!$A:$A,$B13) -> 311.86291 | X13: =SUMIFS([1]raw_data!T:T,[1]raw_data!$A:$A,$B13) -> 1.3655674 | Y13: =SUMIFS([1]raw_data!U:U,[1]raw_data!$A:$A,$B13) -> 302.95351 | Z13: =SUMIFS([1]raw_data!V:V,[1]raw_data!$A:$A,$B13) -> 1.3482392 | AA13: =(G13+K13+O13+S13+W13)/5 -> 1076.4108 | AC13: Q1 SAIDI | AD13: <163 | AE13: =COUNT(AA133:AA193) -> 61 | AF13: =SUM(F133:F193) -> 30518.42 | AH13: 6 Q1 ckts were in other quartiles for 2023 only
B14: 091603 | C14: AMPERSEE | D14: NORTH COMMERCIAL | E14: Kalamazoo | F14: =IFERROR(INDEX([1]raw_data!B:B,MATCH(B14,[1]raw_data!A:A,0)),0) -> 463.8 | G14: =SUMIFS([1]raw_data!C:C,[1]raw_data!$A:$A,$B14) -> 3451.9812 | H14: =SUMIFS([1]raw_data!D:D,[1]raw_data!$A:$A,$B14) -> 1.4291845 | I14: =SUMIFS([1]raw_data!E:E,[1]raw_data!$A:$A,$B14) -> 44.641261 | J14: =SUMIFS([1]raw_data!F:F,[1]raw_data!$A:$A,$B14) -> 0.21244635 | K14: =SUMIFS([1]raw_data!G:G,[1]raw_data!$A:$A,$B14) -> 1117.9765 | L14: =SUMIFS([1]raw_data!H:H,[1]raw_data!$A:$A,$B14) -> 0.92505353 | M14: =SUMIFS([1]raw_data!I:I,[1]raw_data!$A:$A,$B14) -> 79.947056 | N14: =SUMIFS([1]raw_data!J:J,[1]raw_data!$A:$A,$B14) -> 0.074946467 | O14: =SUMIFS([1]raw_data!K:K,[1]raw_data!$A:$A,$B14) -> 328.32941 | P14: =SUMIFS([1]raw_data!L:L,[1]raw_data!$A:$A,$B14) -> 0.81623932 | Q14: =SUMIFS([1]raw_data!M:M,[1]raw_data!$A:$A,$B14) -> 33.726994 | R14: =SUMIFS([1]raw_data!N:N,[1]raw_data!$A:$A,$B14) -> 0.26282051 | S14: =SUMIFS([1]raw_data!O:O,[1]raw_data!$A:$A,$B14) -> 49.46269 | T14: =SUMIFS([1]raw_data!P:P,[1]raw_data!$A:$A,$B14) -> 0.28446389 | U14: =SUMIFS([1]raw_data!Q:Q,[1]raw_data!$A:$A,$B14) -> 11.503172 | V14: =SUMIFS([1]raw_data!R:R,[1]raw_data!$A:$A,$B14) -> 0.24507659 | W14: =SUMIFS([1]raw_data!S:S,[1]raw_data!$A:$A,$B14) -> 356.9808 | X14: =SUMIFS([1]raw_data!T:T,[1]raw_data!$A:$A,$B14) -> 1.2754881 | Y14: =SUMIFS([1]raw_data!U:U,[1]raw_data!$A:$A,$B14) -> 348.37379 | Z14: =SUMIFS([1]raw_data!V:V,[1]raw_data!$A:$A,$B14) -> 1.0694143 | AA14: =(G14+K14+O14+S14+W14)/5 -> 1060.9461 | AC14: Q2 SAIDI | AD14: 163-250 | AE14: =COUNT(AA99:AA132) -> 34 | AF14: =SUM(F99:F132) -> 33565.34 | AH14: 28 Q2 ckts were in other quartiles for 2023 only
B15: 031702 | C15: ABERDEEN | D15: HOLLYWOOD | E15: Grand Rapids | F15: =IFERROR(INDEX([1]raw_data!B:B,MATCH(B15,[1]raw_data!A:A,0)),0) -> 2453.6 | G15: =SUMIFS([1]raw_data!C:C,[1]raw_data!$A:$A,$B15) -> 1798.2883 | H15: =SUMIFS([1]raw_data!D:D,[1]raw_data!$A:$A,$B15) -> 1.7548097 | I15: =SUMIFS([1]raw_data!E:E,[1]raw_data!$A:$A,$B15) -> 81.809511 | J15: =SUMIFS([1]raw_data!F:F,[1]raw_data!$A:$A,$B15) -> 0.6467458 | K15: =SUMIFS([1]raw_data!G:G,[1]raw_data!$A:$A,$B15) -> 162.23136 | L15: =SUMIFS([1]raw_data!H:H,[1]raw_data!$A:$A,$B15) -> 0.68964111 | M15: =SUMIFS([1]raw_data!I:I,[1]raw_data!$A:$A,$B15) -> 159.75806 | N15: =SUMIFS([1]raw_data!J:J,[1]raw_data!$A:$A,$B15) -> 0.68311582 | O15: =SUMIFS([1]raw_data!K:K,[1]raw_data!$A:$A,$B15) -> 255.87116 | P15: =SUMIFS([1]raw_data!L:L,[1]raw_data!$A:$A,$B15) -> 0.66721044 | Q15: =SUMIFS([1]raw_data!M:M,[1]raw_data!$A:$A,$B15) -> 92.221281 | R15: =SUMIFS([1]raw_data!N:N,[1]raw_data!$A:$A,$B15) -> 0.52650897 | S15: =SUMIFS([1]raw_data!O:O,[1]raw_data!$A:$A,$B15) -> 70.583475 | T15: =SUMIFS([1]raw_data!P:P,[1]raw_data!$A:$A,$B15) -> 0.29019129 | U15: =SUMIFS([1]raw_data!Q:Q,[1]raw_data!$A:$A,$B15) -> 20.730314 | V15: =SUMIFS([1]raw_data!R:R,[1]raw_data!$A:$A,$B15) -> 0.26414326 | W15: =SUMIFS([1]raw_data!S:S,[1]raw_data!$A:$A,$B15) -> 2920.1664 | X15: =SUMIFS([1]raw_data!T:T,[1]raw_data!$A:$A,$B15) -> 2.9943182 | Y15: =SUMIFS([1]raw_data!U:U,[1]raw_data!$A:$A,$B15) -> 450.2156 | Z15: =SUMIFS([1]raw_data!V:V,[1]raw_data!$A:$A,$B15) -> 1.7987013 | AA15: =(G15+K15+O15+S15+W15)/5 -> 1041.4281 | AC15: Q3 SAIDI | AD15: 250-455 | AE15: =COUNT(AA56:AA98) -> 43 | AF15: =SUM(F56:F98) -> 54862.511 | AH15: 31 Q3 ckts were in other quartiles for 2023 only
B16: 090103 | C16: WAGER | D16: MARENGO | E16: Flint | F16: =IFERROR(INDEX([1]raw_data!B:B,MATCH(B16,[1]raw_data!A:A,0)),0) -> 189.11111 | G16: =SUMIFS([1]raw_data!C:C,[1]raw_data!$A:$A,$B16) -> 4.924718 | H16: =SUMIFS([1]raw_data!D:D,[1]raw_data!$A:$A,$B16) -> 0.043010753 | I16: =SUMIFS([1]raw_data!E:E,[1]raw_data!$A:$A,$B16) -> 4.924718 | J16: =SUMIFS([1]raw_data!F:F,[1]raw_data!$A:$A,$B16) -> 0.043010753 | K16: =SUMIFS([1]raw_data!G:G,[1]raw_data!$A:$A,$B16) -> 804.01911 | L16: =SUMIFS([1]raw_data!H:H,[1]raw_data!$A:$A,$B16) -> 2.8947368 | M16: =SUMIFS([1]raw_data!I:I,[1]raw_data!$A:$A,$B16) -> 494.93491 | N16: =SUMIFS([1]raw_data!J:J,[1]raw_data!$A:$A,$B16) -> 1.0315789 | O16: =SUMIFS([1]raw_data!K:K,[1]raw_data!$A:$A,$B16) -> 3065.1187 | P16: =SUMIFS([1]raw_data!L:L,[1]raw_data!$A:$A,$B16) -> 2.078125 | Q16: =SUMIFS([1]raw_data!M:M,[1]raw_data!$A:$A,$B16) -> 304.7921 | R16: =SUMIFS([1]raw_data!N:N,[1]raw_data!$A:$A,$B16) -> 1.0625 | S16: =SUMIFS([1]raw_data!O:O,[1]raw_data!$A:$A,$B16) -> 862.62482 | T16: =SUMIFS([1]raw_data!P:P,[1]raw_data!$A:$A,$B16) -> 2.6861702 | U16: =SUMIFS([1]raw_data!Q:Q,[1]raw_data!$A:$A,$B16) -> 814.02589 | V16: =SUMIFS([1]raw_data!R:R,[1]raw_data!$A:$A,$B16) -> 2.6702128 | W16: =SUMIFS([1]raw_data!S:S,[1]raw_data!$A:$A,$B16) -> 398.0961 | X16: =SUMIFS([1]raw_data!T:T,[1]raw_data!$A:$A,$B16) -> 1.2978723 | Y16: =SUMIFS([1]raw_data!U:U,[1]raw_data!$A:$A,$B16) -> 223.07057 | Z16: =SUMIFS([1]raw_data!V:V,[1]raw_data!$A:$A,$B16) -> 1.2553191 | AA16: =(G16+K16+O16+S16+W16)/5 -> 1026.9567 | AC16: Q4 SAIDI | AD16: >455 | AE16: =COUNT(AA4:AA55) -> 52 | AF16: =SUM(F4:F55) -> 55430.043 | AH16: 19 Q4 ckts were in other quartiles for 2023 only
B17: 077602 | C17: KEATING | D17: LAKETON | E17: Muskegon | F17: =IFERROR(INDEX([1]raw_data!B:B,MATCH(B17,[1]raw_data!A:A,0)),0) -> 766.22222 | G17: =SUMIFS([1]raw_data!C:C,[1]raw_data!$A:$A,$B17) -> 960.6522 | H17: =SUMIFS([1]raw_data!D:D,[1]raw_data!$A:$A,$B17) -> 3.2951886 | I17: =SUMIFS([1]raw_data!E:E,[1]raw_data!$A:$A,$B17) -> 220.01797 | J17: =SUMIFS([1]raw_data!F:F,[1]raw_data!$A:$A,$B17) -> 2.3784135 | K17: =SUMIFS([1]raw_data!G:G,[1]raw_data!$A:$A,$B17) -> 11.529491 | L17: =SUMIFS([1]raw_data!H:H,[1]raw_data!$A:$A,$B17) -> 0.16103896 | M17: =SUMIFS([1]raw_data!I:I,[1]raw_data!$A:$A,$B17) -> 11.529491 | N17: =SUMIFS([1]raw_data!J:J,[1]raw_data!$A:$A,$B17) -> 0.16103896 | O17: =SUMIFS([1]raw_data!K:K,[1]raw_data!$A:$A,$B17) -> 543.74913 | P17: =SUMIFS([1]raw_data!L:L,[1]raw_data!$A:$A,$B17) -> 3.2786458 | Q17: =SUMIFS([1]raw_data!M:M,[1]raw_data!$A:$A,$B17) -> 462.26322 | R17: =SUMIFS([1]raw_data!N:N,[1]raw_data!$A:$A,$B17) -> 3.1966146 | S17: =SUMIFS([1]raw_data!O:O,[1]raw_data!$A:$A,$B17) -> 1222.8187 | T17: =SUMIFS([1]raw_data!P:P,[1]raw_data!$A:$A,$B17) -> 6.4159061 | U17: =SUMIFS([1]raw_data!Q:Q,[1]raw_data!$A:$A,$B17) -> 1024.0025 | V17: =SUMIFS([1]raw_data!R:R,[1]raw_data!$A:$A,$B17) -> 5.9530639 | W17: =SUMIFS([1]raw_data!S:S,[1]raw_data!$A:$A,$B17) -> 2392.2078 | X17: =SUMIFS([1]raw_data!T:T,[1]raw_data!$A:$A,$B17) -> 5.7562582 | Y17: =SUMIFS([1]raw_data!U:U,[1]raw_data!$A:$A,$B17) -> 746.78474 | Z17: =SUMIFS([1]raw_data!V:V,[1]raw_data!$A:$A,$B17) -> 4.6455863 | AA17: =(G17+K17+O17+S17+W17)/5 -> 1026.1915
B18: 090803 | C18: OAK STREET | D18: STATE STREET | E18: Jackson | F18: =IFERROR(INDEX([1]raw_data!B:B,MATCH(B18,[1]raw_data!A:A,0)),0) -> 630.66667 | G18: =SUMIFS([1]raw_data!C:C,[1]raw_data!$A:$A,$B18) -> 3005.0358 | H18: =SUMIFS([1]raw_data!D:D,[1]raw_data!$A:$A,$B18) -> 1.8022329 | I18: =SUMIFS([1]raw_data!E:E,[1]raw_data!$A:$A,$B18) -> 141.62905 | J18: =SUMIFS([1]raw_data!F:F,[1]raw_data!$A:$A,$B18) -> 1.0382775 | K18: =SUMIFS([1]raw_data!G:G,[1]raw_data!$A:$A,$B18) -> 254.79815 | L18: =SUMIFS([1]raw_data!H:H,[1]raw_data!$A:$A,$B18) -> 2.3548896 | M18: =SUMIFS([1]raw_data!I:I,[1]raw_data!$A:$A,$B18) -> 155.10763 | N18: =SUMIFS([1]raw_data!J:J,[1]raw_data!$A:$A,$B18) -> 2.3264984 | O18: =SUMIFS([1]raw_data!K:K,[1]raw_data!$A:$A,$B18) -> 1432.3867 | P18: =SUMIFS([1]raw_data!L:L,[1]raw_data!$A:$A,$B18) -> 1.093207 | Q18: =SUMIFS([1]raw_data!M:M,[1]raw_data!$A:$A,$B18) -> 5.275223 | R18: =SUMIFS([1]raw_data!N:N,[1]raw_data!$A:$A,$B18) -> 0.093206951 | S18: =SUMIFS([1]raw_data!O:O,[1]raw_data!$A:$A,$B18) -> 13.513412 | T18: =SUMIFS([1]raw_data!P:P,[1]raw_data!$A:$A,$B18) -> 0.065079365 | U18: =SUMIFS([1]raw_data!Q:Q,[1]raw_data!$A:$A,$B18) -> 13.513412 | V18: =SUMIFS([1]raw_data!R:R,[1]raw_data!$A:$A,$B18) -> 0.065079365 | W18: =SUMIFS([1]raw_data!S:S,[1]raw_data!$A:$A,$B18) -> 263.51993 | X18: =SUMIFS([1]raw_data!T:T,[1]raw_data!$A:$A,$B18) -> 1.1621622 | Y18: =SUMIFS([1]raw_data!U:U,[1]raw_data!$A:$A,$B18) -> 253.63545 | Z18: =SUMIFS([1]raw_data!V:V,[1]raw_data!$A:$A,$B18) -> 1.0985692 | AA18: =(G18+K18+O18+S18+W18)/5 -> 993.85079
B19: 024105 | C19: DOEHLER JARVIS | D19: SEYMOUR | E19: Grand Rapids | F19: =IFERROR(INDEX([1]raw_data!B:B,MATCH(B19,[1]raw_data!A:A,0)),0) -> 1482.8 | G19: =SUMIFS([1]raw_data!C:C,[1]raw_data!$A:$A,$B19) -> 71.281596 | H19: =SUMIFS([1]raw_data!D:D,[1]raw_data!$A:$A,$B19) -> 0.2589404 | I19: =SUMIFS([1]raw_data!E:E,[1]raw_data!$A:$A,$B19) -> 56.269155 | J19: =SUMIFS([1]raw_data!F:F,[1]raw_data!$A:$A,$B19) -> 0.24503311 | K19: =SUMIFS([1]raw_data!G:G,[1]raw_data!$A:$A,$B19) -> 135.21799 | L19: =SUMIFS([1]raw_data!H:H,[1]raw_data!$A:$A,$B19) -> 1.1892077 | M19: =SUMIFS([1]raw_data!I:I,[1]raw_data!$A:$A,$B19) -> 124.26728 | N19: =SUMIFS([1]raw_data!J:J,[1]raw_data!$A:$A,$B19) -> 1.1714481 | O19: =SUMIFS([1]raw_data!K:K,[1]raw_data!$A:$A,$B19) -> 72.161136 | P19: =SUMIFS([1]raw_data!L:L,[1]raw_data!$A:$A,$B19) -> 0.26279863 | Q19: =SUMIFS([1]raw_data!M:M,[1]raw_data!$A:$A,$B19) -> 22.318668 | R19: =SUMIFS([1]raw_data!N:N,[1]raw_data!$A:$A,$B19) -> 0.24163823 | S19: =SUMIFS([1]raw_data!O:O,[1]raw_data!$A:$A,$B19) -> 2299.9471 | T19: =SUMIFS([1]raw_data!P:P,[1]raw_data!$A:$A,$B19) -> 3.1309604 | U19: =SUMIFS([1]raw_data!Q:Q,[1]raw_data!$A:$A,$B19) -> 340.18423 | V19: =SUMIFS([1]raw_data!R:R,[1]raw_data!$A:$A,$B19) -> 1.7891202 | W19: =SUMIFS([1]raw_data!S:S,[1]raw_data!$A:$A,$B19) -> 2198.5899 | X19: =SUMIFS([1]raw_data!T:T,[1]raw_data!$A:$A,$B19) -> 2.0323015 | Y19: =SUMIFS([1]raw_data!U:U,[1]raw_data!$A:$A,$B19) -> 93.903207 | Z19: =SUMIFS([1]raw_data!V:V,[1]raw_data!$A:$A,$B19) -> 0.92328398 | AA19: =(G19+K19+O19+S19+W19)/5 -> 955.43954
B20: 006401 | C20: BEECHER | D20: DISPOSAL | E20: Adrian | F20: =IFERROR(INDEX([1]raw_data!B:B,MATCH(B20,[1]raw_data!A:A,0)),0) -> 281.375 | G20: =SUMIFS([1]raw_data!C:C,[1]raw_data!$A:$A,$B20) -> 3211.0112 | H20: =SUMIFS([1]raw_data!D:D,[1]raw_data!$A:$A,$B20) -> 1.5316901 | I20: =SUMIFS([1]raw_data!E:E,[1]raw_data!$A:$A,$B20) -> 197.27619 | J20: =SUMIFS([1]raw_data!F:F,[1]raw_data!$A:$A,$B20) -> 0.71126761 | K20: =SUMIFS([1]raw_data!G:G,[1]raw_data!$A:$A,$B20) -> 81.064816 | L20: =SUMIFS([1]raw_data!H:H,[1]raw_data!$A:$A,$B20) -> 0.4341637 | M20: =SUMIFS([1]raw_data!I:I,[1]raw_data!$A:$A,$B20) -> 81.064816 | N20: =SUMIFS([1]raw_data!J:J,[1]raw_data!$A:$A,$B20) -> 0.4341637 | O20: =SUMIFS([1]raw_data!K:K,[1]raw_data!$A:$A,$B20) -> 20.28701 | P20: =SUMIFS([1]raw_data!L:L,[1]raw_data!$A:$A,$B20) -> 0.085409253 | Q20: =SUMIFS([1]raw_data!M:M,[1]raw_data!$A:$A,$B20) -> 9.379359 | R20: =SUMIFS([1]raw_data!N:N,[1]raw_data!$A:$A,$B20) -> 0.081850534 | S20: =SUMIFS([1]raw_data!O:O,[1]raw_data!$A:$A,$B20) -> 156.79399 | T20: =SUMIFS([1]raw_data!P:P,[1]raw_data!$A:$A,$B20) -> 1.1214286 | U20: =SUMIFS([1]raw_data!Q:Q,[1]raw_data!$A:$A,$B20) -> 156.51536 | V20: =SUMIFS([1]raw_data!R:R,[1]raw_data!$A:$A,$B20) -> 1.1178571 | W20: =SUMIFS([1]raw_data!S:S,[1]raw_data!$A:$A,$B20) -> 1158.512 | X20: =SUMIFS([1]raw_data!T:T,[1]raw_data!$A:$A,$B20) -> 3.3107143 | Y20: =SUMIFS([1]raw_data!U:U,[1]raw_data!$A:$A,$B20) -> 1158.512 | Z20: =SUMIFS([1]raw_data!V:V,[1]raw_data!$A:$A,$B20) -> 3.3107143 | AA20: =(G20+K20+O20+S20+W20)/5 -> 925.5338
B21: 001903 | C21: ROBERTS STREET | D21: BENDER | E21: Jackson | F21: =IFERROR(INDEX([1]raw_data!B:B,MATCH(B21,[1]raw_data!A:A,0)),0) -> 490.6 | G21: =SUMIFS([1]raw_data!C:C,[1]raw_data!$A:$A,$B21) -> 3646.7355 | H21: =SUMIFS([1]raw_data!D:D,[1]raw_data!$A:$A,$B21) -> 2.168357 | I21: =SUMIFS([1]raw_data!E:E,[1]raw_data!$A:$A,$B21) -> 256.82989 | J21: =SUMIFS([1]raw_data!F:F,[1]raw_data!$A:$A,$B21) -> 1.0486815 | K21: =SUMIFS([1]raw_data!G:G,[1]raw_data!$A:$A,$B21) -> 191.02836 | L21: =SUMIFS([1]raw_data!H:H,[1]raw_data!$A:$A,$B21) -> 1.2020408 | M21: =SUMIFS([1]raw_data!I:I,[1]raw_data!$A:$A,$B21) -> 184.7926 | N21: =SUMIFS([1]raw_data!J:J,[1]raw_data!$A:$A,$B21) -> 1.1959184 | O21: =SUMIFS([1]raw_data!K:K,[1]raw_data!$A:$A,$B21) -> 181.55434 | P21: =SUMIFS([1]raw_data!L:L,[1]raw_data!$A:$A,$B21) -> 0.20325203 | Q21: =SUMIFS([1]raw_data!M:M,[1]raw_data!$A:$A,$B21) -> 9.436856 | R21: =SUMIFS([1]raw_data!N:N,[1]raw_data!$A:$A,$B21) -> 0.17886179 | S21: =SUMIFS([1]raw_data!O:O,[1]raw_data!$A:$A,$B21) -> 463.89207 | T21: =SUMIFS([1]raw_data!P:P,[1]raw_data!$A:$A,$B21) -> 2.5506073 | U21: =SUMIFS([1]raw_data!Q:Q,[1]raw_data!$A:$A,$B21) -> 381.27395 | V21: =SUMIFS([1]raw_data!R:R,[1]raw_data!$A:$A,$B21) -> 2.4757085 | W21: =SUMIFS([1]raw_data!S:S,[1]raw_data!$A:$A,$B21) -> 25.25389 | X21: =SUMIFS([1]raw_data!T:T,[1]raw_data!$A:$A,$B21) -> 0.080578512 | Y21: =SUMIFS([1]raw_data!U:U,[1]raw_data!$A:$A,$B21) -> 6.607472 | Z21: =SUMIFS([1]raw_data!V:V,[1]raw_data!$A:$A,$B21) -> 0.066115702 | AA21: =(G21+K21+O21+S21+W21)/5 -> 901.69282
B22: 036002 | C22: LIBERTY | D22: HAMBLIN | E22: Battle Creek | F22: =IFERROR(INDEX([1]raw_data!B:B,MATCH(B22,[1]raw_data!A:A,0)),0) -> 635 | G22: =SUMIFS([1]raw_data!C:C,[1]raw_data!$A:$A,$B22) -> 298.47822 | H22: =SUMIFS([1]raw_data!D:D,[1]raw_data!$A:$A,$B22) -> 1.4967427 | I22: =SUMIFS([1]raw_data!E:E,[1]raw_data!$A:$A,$B22) -> 118.30961 | J22: =SUMIFS([1]raw_data!F:F,[1]raw_data!$A:$A,$B22) -> 1.0602606 | K22: =SUMIFS([1]raw_data!G:G,[1]raw_data!$A:$A,$B22) -> 1902.4655 | L22: =SUMIFS([1]raw_data!H:H,[1]raw_data!$A:$A,$B22) -> 2.35313 | M22: =SUMIFS([1]raw_data!I:I,[1]raw_data!$A:$A,$B22) -> 196.85104 | N22: =SUMIFS([1]raw_data!J:J,[1]raw_data!$A:$A,$B22) -> 0.92616372 | O22: =SUMIFS([1]raw_data!K:K,[1]raw_data!$A:$A,$B22) -> 105.18032 | P22: =SUMIFS([1]raw_data!L:L,[1]raw_data!$A:$A,$B22) -> 0.24 | Q22: =SUMIFS([1]raw_data!M:M,[1]raw_data!$A:$A,$B22) -> 51.547413 | R22: =SUMIFS([1]raw_data!N:N,[1]raw_data!$A:$A,$B22) -> 0.2 | S22: =SUMIFS([1]raw_data!O:O,[1]raw_data!$A:$A,$B22) -> 1581.6805 | T22: =SUMIFS([1]raw_data!P:P,[1]raw_data!$A:$A,$B22) -> 1.9424084 | U22: =SUMIFS([1]raw_data!Q:Q,[1]raw_data!$A:$A,$B22) -> 262.40267 | V22: =SUMIFS([1]raw_data!R:R,[1]raw_data!$A:$A,$B22) -> 1.5951134 | W22: =SUMIFS([1]raw_data!S:S,[1]raw_data!$A:$A,$B22) -> 540.64734 | X22: =SUMIFS([1]raw_data!T:T,[1]raw_data!$A:$A,$B22) -> 2.222973 | Y22: =SUMIFS([1]raw_data!U:U,[1]raw_data!$A:$A,$B22) -> 497.15257 | Z22: =SUMIFS([1]raw_data!V:V,[1]raw_data!$A:$A,$B22) -> 1.7905405 | AA22: =(G22+K22+O22+S22+W22)/5 -> 885.69036
B23: 071202 | C23: COLLEGE PARK | D23: MADISON | E23: Adrian | F23: =IFERROR(INDEX([1]raw_data!B:B,MATCH(B23,[1]raw_data!A:A,0)),0) -> 1665.4 | G23: =SUMIFS([1]raw_data!C:C,[1]raw_data!$A:$A,$B23) -> 3957.1274 | H23: =SUMIFS([1]raw_data!D:D,[1]raw_data!$A:$A,$B23) -> 2.7963875 | I23: =SUMIFS([1]raw_data!E:E,[1]raw_data!$A:$A,$B23) -> 183.21883 | J23: =SUMIFS([1]raw_data!F:F,[1]raw_data!$A:$A,$B23) -> 1.4822113 | K23: =SUMIFS([1]raw_data!G:G,[1]raw_data!$A:$A,$B23) -> 210.71877 | L23: =SUMIFS([1]raw_data!H:H,[1]raw_data!$A:$A,$B23) -> 0.47678019 | M23: =SUMIFS([1]raw_data!I:I,[1]raw_data!$A:$A,$B23) -> 21.000279 | N23: =SUMIFS([1]raw_data!J:J,[1]raw_data!$A:$A,$B23) -> 0.18988648 | O23: =SUMIFS([1]raw_data!K:K,[1]raw_data!$A:$A,$B23) -> 58.141279 | P23: =SUMIFS([1]raw_data!L:L,[1]raw_data!$A:$A,$B23) -> 1.0064668 | Q23: =SUMIFS([1]raw_data!M:M,[1]raw_data!$A:$A,$B23) -> 42.457319 | R23: =SUMIFS([1]raw_data!N:N,[1]raw_data!$A:$A,$B23) -> 0.92475015 | S23: =SUMIFS([1]raw_data!O:O,[1]raw_data!$A:$A,$B23) -> 15.954567 | T23: =SUMIFS([1]raw_data!P:P,[1]raw_data!$A:$A,$B23) -> 0.11615245 | U23: =SUMIFS([1]raw_data!Q:Q,[1]raw_data!$A:$A,$B23) -> 7.714912 | V23: =SUMIFS([1]raw_data!R:R,[1]raw_data!$A:$A,$B23) -> 0.099818512 | W23: =SUMIFS([1]raw_data!S:S,[1]raw_data!$A:$A,$B23) -> 35.988685 | X23: =SUMIFS([1]raw_data!T:T,[1]raw_data!$A:$A,$B23) -> 0.40079591 | Y23: =SUMIFS([1]raw_data!U:U,[1]raw_data!$A:$A,$B23) -> 34.664695 | Z23: =SUMIFS([1]raw_data!V:V,[1]raw_data!$A:$A,$B23) -> 0.39340534 | AA23: =(G23+K23+O23+S23+W23)/5 -> 855.58614
B24: 069902 | C24: WALKER | D24: ROSALIE | E24: Grand Rapids | F24: =IFERROR(INDEX([1]raw_data!B:B,MATCH(B24,[1]raw_data!A:A,0)),0) -> 3001.7778 | G24: =SUMIFS([1]raw_data!C:C,[1]raw_data!$A:$A,$B24) -> 59.119782 | H24: =SUMIFS([1]raw_data!D:D,[1]raw_data!$A:$A,$B24) -> 0.54025283 | I24: =SUMIFS([1]raw_data!E:E,[1]raw_data!$A:$A,$B24) -> 59.119782 | J24: =SUMIFS([1]raw_data!F:F,[1]raw_data!$A:$A,$B24) -> 0.54025283 | K24: =SUMIFS([1]raw_data!G:G,[1]raw_data!$A:$A,$B24) -> 104.94542 | L24: =SUMIFS([1]raw_data!H:H,[1]raw_data!$A:$A,$B24) -> 0.30878939 | M24: =SUMIFS([1]raw_data!I:I,[1]raw_data!$A:$A,$B24) -> 23.114746 | N24: =SUMIFS([1]raw_data!J:J,[1]raw_data!$A:$A,$B24) -> 0.11840796 | O24: =SUMIFS([1]raw_data!K:K,[1]raw_data!$A:$A,$B24) -> 474.85866 | P24: =SUMIFS([1]raw_data!L:L,[1]raw_data!$A:$A,$B24) -> 1.248507 | Q24: =SUMIFS([1]raw_data!M:M,[1]raw_data!$A:$A,$B24) -> 74.968154 | R24: =SUMIFS([1]raw_data!N:N,[1]raw_data!$A:$A,$B24) -> 0.77272727 | S24: =SUMIFS([1]raw_data!O:O,[1]raw_data!$A:$A,$B24) -> 229.43329 | T24: =SUMIFS([1]raw_data!P:P,[1]raw_data!$A:$A,$B24) -> 1.5482907 | U24: =SUMIFS([1]raw_data!Q:Q,[1]raw_data!$A:$A,$B24) -> 147.40765 | V24: =SUMIFS([1]raw_data!R:R,[1]raw_data!$A:$A,$B24) -> 0.9591769 | W24: =SUMIFS([1]raw_data!S:S,[1]raw_data!$A:$A,$B24) -> 3408.5227 | X24: =SUMIFS([1]raw_data!T:T,[1]raw_data!$A:$A,$B24) -> 2.2598718 | Y24: =SUMIFS([1]raw_data!U:U,[1]raw_data!$A:$A,$B24) -> 147.12524 | Z24: =SUMIFS([1]raw_data!V:V,[1]raw_data!$A:$A,$B24) -> 0.59399258 | AA24: =(G24+K24+O24+S24+W24)/5 -> 855.37597
B25: 072602 | C25: MAYNARD | D25: BESTWALL | E25: Grand Rapids | F25: =IFERROR(INDEX([1]raw_data!B:B,MATCH(B25,[1]raw_data!A:A,0)),0) -> 26.571428 | G25: =SUMIFS([1]raw_data!C:C,[1]raw_data!$A:$A,$B25) -> 28.890062 | H25: =SUMIFS([1]raw_data!D:D,[1]raw_data!$A:$A,$B25) -> 0.12903226 | I25: =SUMIFS([1]raw_data!E:E,[1]raw_data!$A:$A,$B25) -> 28.890062 | J25: =SUMIFS([1]raw_data!F:F,[1]raw_data!$A:$A,$B25) -> 0.12903226 | K25: =SUMIFS([1]raw_data!G:G,[1]raw_data!$A:$A,$B25) -> 169.45606 | L25: =SUMIFS([1]raw_data!H:H,[1]raw_data!$A:$A,$B25) -> 1.0967742 | M25: =SUMIFS([1]raw_data!I:I,[1]raw_data!$A:$A,$B25) -> 169.45606 | N25: =SUMIFS([1]raw_data!J:J,[1]raw_data!$A:$A,$B25) -> 1.0967742 | O25: =SUMIFS([1]raw_data!K:K,[1]raw_data!$A:$A,$B25) -> 774.29624 | P25: =SUMIFS([1]raw_data!L:L,[1]raw_data!$A:$A,$B25) -> 0.38709677 | Q25: =SUMIFS([1]raw_data!M:M,[1]raw_data!$A:$A,$B25) -> 226.41882 | R25: =SUMIFS([1]raw_data!N:N,[1]raw_data!$A:$A,$B25) -> 0.25806452 | S25: =SUMIFS([1]raw_data!O:O,[1]raw_data!$A:$A,$B25) -> 95.686666 | T25: =SUMIFS([1]raw_data!P:P,[1]raw_data!$A:$A,$B25) -> 1.1 | U25: =SUMIFS([1]raw_data!Q:Q,[1]raw_data!$A:$A,$B25) -> 95.686666 | V25: =SUMIFS([1]raw_data!R:R,[1]raw_data!$A:$A,$B25) -> 1.1 | W25: =SUMIFS([1]raw_data!S:S,[1]raw_data!$A:$A,$B25) -> 3096.9844 | X25: =SUMIFS([1]raw_data!T:T,[1]raw_data!$A:$A,$B25) -> 4.625 | Y25: =SUMIFS([1]raw_data!U:U,[1]raw_data!$A:$A,$B25) -> 1302.8073 | Z25: =SUMIFS([1]raw_data!V:V,[1]raw_data!$A:$A,$B25) -> 3.5625 | AA25: =(G25+K25+O25+S25+W25)/5 -> 833.06268
B26: 090102 | C26: WAGER | D26: PARKLAND | E26: Flint | F26: =IFERROR(INDEX([1]raw_data!B:B,MATCH(B26,[1]raw_data!A:A,0)),0) -> 938.5 | G26: =SUMIFS([1]raw_data!C:C,[1]raw_data!$A:$A,$B26) -> 36.783123 | H26: =SUMIFS([1]raw_data!D:D,[1]raw_data!$A:$A,$B26) -> 0.18711386 | I26: =SUMIFS([1]raw_data!E:E,[1]raw_data!$A:$A,$B26) -> 36.783123 | J26: =SUMIFS([1]raw_data!F:F,[1]raw_data!$A:$A,$B26) -> 0.18711386 | K26: =SUMIFS([1]raw_data!G:G,[1]raw_data!$A:$A,$B26) -> 355.56214 | L26: =SUMIFS([1]raw_data!H:H,[1]raw_data!$A:$A,$B26) -> 1.1356958 | M26: =SUMIFS([1]raw_data!I:I,[1]raw_data!$A:$A,$B26) -> 338.43867 | N26: =SUMIFS([1]raw_data!J:J,[1]raw_data!$A:$A,$B26) -> 1.127917 | O26: =SUMIFS([1]raw_data!K:K,[1]raw_data!$A:$A,$B26) -> 283.72984 | P26: =SUMIFS([1]raw_data!L:L,[1]raw_data!$A:$A,$B26) -> 0.18836565 | Q26: =SUMIFS([1]raw_data!M:M,[1]raw_data!$A:$A,$B26) -> 34.433995 | R26: =SUMIFS([1]raw_data!N:N,[1]raw_data!$A:$A,$B26) -> 0.093259464 | S26: =SUMIFS([1]raw_data!O:O,[1]raw_data!$A:$A,$B26) -> 88.714451 | T26: =SUMIFS([1]raw_data!P:P,[1]raw_data!$A:$A,$B26) -> 0.21058559 | U26: =SUMIFS([1]raw_data!Q:Q,[1]raw_data!$A:$A,$B26) -> 70.178622 | V26: =SUMIFS([1]raw_data!R:R,[1]raw_data!$A:$A,$B26) -> 0.2027027 | W26: =SUMIFS([1]raw_data!S:S,[1]raw_data!$A:$A,$B26) -> 2912.5 | X26: =SUMIFS([1]raw_data!T:T,[1]raw_data!$A:$A,$B26) -> 10 | Y26: =SUMIFS([1]raw_data!U:U,[1]raw_data!$A:$A,$B26) -> 2912.5 | Z26: =SUMIFS([1]raw_data!V:V,[1]raw_data!$A:$A,$B26) -> 10 | AA26: =(G26+K26+O26+S26+W26)/5 -> 735.45791
B27: 039003 | C27: SLOAN | D27: LONGFELLOW | E27: Flint | F27: =IFERROR(INDEX([1]raw_data!B:B,MATCH(B27,[1]raw_data!A:A,0)),0) -> 1598.8 | G27: =SUMIFS([1]raw_data!C:C,[1]raw_data!$A:$A,$B27) -> 754.12927 | H27: =SUMIFS([1]raw_data!D:D,[1]raw_data!$A:$A,$B27) -> 2.3661504 | I27: =SUMIFS([1]raw_data!E:E,[1]raw_data!$A:$A,$B27) -> 29.527079 | J27: =SUMIFS([1]raw_data!F:F,[1]raw_data!$A:$A,$B27) -> 0.11504425 | K27: =SUMIFS([1]raw_data!G:G,[1]raw_data!$A:$A,$B27) -> 1408.6413 | L27: =SUMIFS([1]raw_data!H:H,[1]raw_data!$A:$A,$B27) -> 3.5782123 | M27: =SUMIFS([1]raw_data!I:I,[1]raw_data!$A:$A,$B27) -> 645.20147 | N27: =SUMIFS([1]raw_data!J:J,[1]raw_data!$A:$A,$B27) -> 3.1011173 | O27: =SUMIFS([1]raw_data!K:K,[1]raw_data!$A:$A,$B27) -> 1151.536 | P27: =SUMIFS([1]raw_data!L:L,[1]raw_data!$A:$A,$B27) -> 3.1907159 | Q27: =SUMIFS([1]raw_data!M:M,[1]raw_data!$A:$A,$B27) -> 574.44378 | R27: =SUMIFS([1]raw_data!N:N,[1]raw_data!$A:$A,$B27) -> 2.3836689 | S27: =SUMIFS([1]raw_data!O:O,[1]raw_data!$A:$A,$B27) -> 225.94858 | T27: =SUMIFS([1]raw_data!P:P,[1]raw_data!$A:$A,$B27) -> 0.81412429 | U27: =SUMIFS([1]raw_data!Q:Q,[1]raw_data!$A:$A,$B27) -> 176.40363 | V27: =SUMIFS([1]raw_data!R:R,[1]raw_data!$A:$A,$B27) -> 0.78248588 | W27: =SUMIFS([1]raw_data!S:S,[1]raw_data!$A:$A,$B27) -> 121.85759 | X27: =SUMIFS([1]raw_data!T:T,[1]raw_data!$A:$A,$B27) -> 0.76636051 | Y27: =SUMIFS([1]raw_data!U:U,[1]raw_data!$A:$A,$B27) -> 75.233409 | Z27: =SUMIFS([1]raw_data!V:V,[1]raw_data!$A:$A,$B27) -> 0.70264064 | AA27: =(G27+K27+O27+S27+W27)/5 -> 732.42254
B28: 049203 | C28: HASKELITE | D28: ANN STREET | E28: Grand Rapids | F28: =IFERROR(INDEX([1]raw_data!B:B,MATCH(B28,[1]raw_data!A:A,0)),0) -> 686.33333 | G28: =SUMIFS([1]raw_data!C:C,[1]raw_data!$A:$A,$B28) -> 371.61435 | H28: =SUMIFS([1]raw_data!D:D,[1]raw_data!$A:$A,$B28) -> 2.5716487 | I28: =SUMIFS([1]raw_data!E:E,[1]raw_data!$A:$A,$B28) -> 371.51651 | J28: =SUMIFS([1]raw_data!F:F,[1]raw_data!$A:$A,$B28) -> 2.5701079 | K28: =SUMIFS([1]raw_data!G:G,[1]raw_data!$A:$A,$B28) -> 432.03947 | L28: =SUMIFS([1]raw_data!H:H,[1]raw_data!$A:$A,$B28) -> 6.3387358 | M28: =SUMIFS([1]raw_data!I:I,[1]raw_data!$A:$A,$B28) -> 432.03947 | N28: =SUMIFS([1]raw_data!J:J,[1]raw_data!$A:$A,$B28) -> 6.3387358 | O28: =SUMIFS([1]raw_data!K:K,[1]raw_data!$A:$A,$B28) -> 1454.5516 | P28: =SUMIFS([1]raw_data!L:L,[1]raw_data!$A:$A,$B28) -> 2.713355 | Q28: =SUMIFS([1]raw_data!M:M,[1]raw_data!$A:$A,$B28) -> 144.52451 | R28: =SUMIFS([1]raw_data!N:N,[1]raw_data!$A:$A,$B28) -> 1.4185668 | S28: =SUMIFS([1]raw_data!O:O,[1]raw_data!$A:$A,$B28) -> 771.49031 | T28: =SUMIFS([1]raw_data!P:P,[1]raw_data!$A:$A,$B28) -> 2.7517434 | U28: =SUMIFS([1]raw_data!Q:Q,[1]raw_data!$A:$A,$B28) -> 169.23026 | V28: =SUMIFS([1]raw_data!R:R,[1]raw_data!$A:$A,$B28) -> 1.6066946 | W28: =SUMIFS([1]raw_data!S:S,[1]raw_data!$A:$A,$B28) -> 526.32085 | X28: =SUMIFS([1]raw_data!T:T,[1]raw_data!$A:$A,$B28) -> 0.67125 | Y28: =SUMIFS([1]raw_data!U:U,[1]raw_data!$A:$A,$B28) -> 8.893812 | Z28: =SUMIFS([1]raw_data!V:V,[1]raw_data!$A:$A,$B28) -> 0.05375 | AA28: =(G28+K28+O28+S28+W28)/5 -> 711.20332
... B34: 036004 | C34: LIBERTY | D34: LIBERTY | E34: Battle Creek | F34: =IFERROR(INDEX([1]raw_data!B:B,MATCH(B34,[1]raw_data!A:A,0)),0) -> 436 | G34: =SUMIFS([1]raw_data!C:C,[1]raw_data!$A:$A,$B34) -> 69.209193 | H34: =SUMIFS([1]raw_data!D:D,[1]raw_data!$A:$A,$B34) -> 0.78995434 | I34: =SUMIFS([1]raw_data!E:E,[1]raw_data!$A:$A,$B34) -> 66.254829 | J34: =SUMIFS([1]raw_data!F:F,[1]raw_data!$A:$A,$B34) -> 0.78538813 | K34: =SUMIFS([1]raw_data!G:G,[1]raw_data!$A:$A,$B34) -> 326.67781 | L34: =SUMIFS([1]raw_data!H:H,[1]raw_data!$A:$A,$B34) -> 2.0022779 | M34: =SUMIFS([1]raw_data!I:I,[1]raw_data!$A:$A,$B34) -> 313.48558 | N34: =SUMIFS([1]raw_data!J:J,[1]raw_data!$A:$A,$B34) -> 1.9977221 | O34: =SUMIFS([1]raw_data!K:K,[1]raw_data!$A:$A,$B34) -> 3.341972 | P34: =SUMIFS([1]raw_data!L:L,[1]raw_data!$A:$A,$B34) -> 0.004587156 | Q34: =SUMIFS([1]raw_data!M:M,[1]raw_data!$A:$A,$B34) -> 0.74935 | R34: =SUMIFS([1]raw_data!N:N,[1]raw_data!$A:$A,$B34) -> 0.002293578 | S34: =SUMIFS([1]raw_data!O:O,[1]raw_data!$A:$A,$B34) -> 2717.7718 | T34: =SUMIFS([1]raw_data!P:P,[1]raw_data!$A:$A,$B34) -> 1.5463183 | U34: =SUMIFS([1]raw_data!Q:Q,[1]raw_data!$A:$A,$B34) -> 106.88891 | V34: =SUMIFS([1]raw_data!R:R,[1]raw_data!$A:$A,$B34) -> 0.45605701 | W34: =SUMIFS([1]raw_data!S:S,[1]raw_data!$A:$A,$B34) -> 102.4583 | X34: =SUMIFS([1]raw_data!T:T,[1]raw_data!$A:$A,$B34) -> 1.0179372 | Y34: =SUMIFS([1]raw_data!U:U,[1]raw_data!$A:$A,$B34) -> 102.1926 | Z34: =SUMIFS([1]raw_data!V:V,[1]raw_data!$A:$A,$B34) -> 1.0134529 | AA34: =(G34+K34+O34+S34+W34)/5 -> 643.89182
B35: 021202 | C35: PHILLIPS | D35: FACTORY | E35: Kalamazoo | F35: =IFERROR(INDEX([1]raw_data!B:B,MATCH(B35,[1]raw_data!A:A,0)),0) -> 1547.6667 | G35: =SUMIFS([1]raw_data!C:C,[1]raw_data!$A:$A,$B35) -> 2004.6304 | H35: =SUMIFS([1]raw_data!D:D,[1]raw_data!$A:$A,$B35) -> 2.1951531 | I35: =SUMIFS([1]raw_data!E:E,[1]raw_data!$A:$A,$B35) -> 201.05788 | J35: =SUMIFS([1]raw_data!F:F,[1]raw_data!$A:$A,$B35) -> 1.6664541 | K35: =SUMIFS([1]raw_data!G:G,[1]raw_data!$A:$A,$B35) -> 143.50432 | L35: =SUMIFS([1]raw_data!H:H,[1]raw_data!$A:$A,$B35) -> 1.0292249 | M35: =SUMIFS([1]raw_data!I:I,[1]raw_data!$A:$A,$B35) -> 74.883812 | N35: =SUMIFS([1]raw_data!J:J,[1]raw_data!$A:$A,$B35) -> 0.99301144 | O35: =SUMIFS([1]raw_data!K:K,[1]raw_data!$A:$A,$B35) -> 634.11762 | P35: =SUMIFS([1]raw_data!L:L,[1]raw_data!$A:$A,$B35) -> 1.5298223 | Q35: =SUMIFS([1]raw_data!M:M,[1]raw_data!$A:$A,$B35) -> 117.67208 | R35: =SUMIFS([1]raw_data!N:N,[1]raw_data!$A:$A,$B35) -> 0.85215736 | S35: =SUMIFS([1]raw_data!O:O,[1]raw_data!$A:$A,$B35) -> 264.5121 | T35: =SUMIFS([1]raw_data!P:P,[1]raw_data!$A:$A,$B35) -> 1.7825243 | U35: =SUMIFS([1]raw_data!Q:Q,[1]raw_data!$A:$A,$B35) -> 264.5121 | V35: =SUMIFS([1]raw_data!R:R,[1]raw_data!$A:$A,$B35) -> 1.7825243 | W35: =SUMIFS([1]raw_data!S:S,[1]raw_data!$A:$A,$B35) -> 139.71941 | X35: =SUMIFS([1]raw_data!T:T,[1]raw_data!$A:$A,$B35) -> 0.22998643 | Y35: =SUMIFS([1]raw_data!U:U,[1]raw_data!$A:$A,$B35) -> 27.690535 | Z35: =SUMIFS([1]raw_data!V:V,[1]raw_data!$A:$A,$B35) -> 0.18995929 | AA35: =(G35+K35+O35+S35+W35)/5 -> 637.29676 | AC35: Muskegon | AD35: =COUNTIF(E4:E55,"Muskegon") -> 4
